job_title,seniority_level,status,location,industry,ownership,salary,skills,avg_salary,python_yn,machine learning_yn,sql_yn,r_yn,aws_yn,deep learning_yn
data scientist,senior,hybrid,"Grapevine, TX ",Retail,Public,100472 - 200938,"['spark', 'r', 'python', 'scala', 'machine learning', 'tensorflow']",150705.0,1,1,1,1,0,1
data scientist,lead,hybrid,"Fort Worth, TX ",Manufacturing,Public,118733,"['spark', 'r', 'python', 'sql', 'machine learning']",118733.0,1,1,1,1,0,1
data scientist,senior,on-site,"Austin, TX ",Technology,Public,94987 - 159559,"['aws', 'git', 'python', 'docker', 'sql', 'machine learning', 'gcp', 'kubernetes', 'deep learning']",127273.0,1,1,1,1,0,1
data scientist,senior,hybrid,"Chicago, IL ",Technology,Public,112797 - 194402,"['sql', 'r', 'python']",153599.5,1,1,1,1,0,1
data scientist,senior,remote,Fully Remote,Technology,Private,207331,[],207331.0,1,1,1,1,0,1
data scientist,senior,on-site,On-site,Technology,Public,219201,[],219201.0,1,1,1,1,0,1
data scientist,senior,remote,"Minneapolis, MN ",Manufacturing,Public,99464 - 165954,"['sql', 'machine learning', 'python']",132709.0,1,1,1,1,0,1
data scientist,senior,on-site,"Titusville, NJ ",Healthcare,Public,112343 - 117823,"['sql', 'machine learning', 'r', 'python']",115083.0,1,1,1,1,0,1
data scientist,senior,on-site,"Arlington, VA",Technology,Private,127867 - 150700,"['pandas', 'powerbi', 'python', 'java', 'sql', 'machine learning', 'tableau']",139283.5,1,1,1,1,0,1
data scientist,senior,remote,Fully Remote,Finance,Private,134266,[],134266.0,1,1,1,1,0,1
data scientist,lead,on-site,"Charlotte, NC ",Finance,Public,126956 - 198196,"['aws', 'r', 'python', 'sql', 'machine learning', 'azure', 'tableau']",162576.0,1,1,1,1,0,1
data scientist,senior,remote,Fully Remote,Education,Private,185412 - 228338,[],206875.0,1,1,1,1,0,1
data scientist,senior,on-site,"Toronto, Ontario, Canada ",Finance,Public,72611,"['pytorch', 'spark', 'git', 'r', 'python', 'sql', 'machine learning', 'tensorflow']",72611.0,1,1,1,1,0,1
data scientist,senior,on-site,"Findlay, OH ",Energy,Public,95265 - 164221,"['pytorch', 'scikit-learn', 'python', 'machine learning', 'deep learning', 'tensorflow']",129743.0,1,1,1,1,0,1
data scientist,senior,on-site,"Toronto, Ontario, Canada",Technology,Private,85044,"['airflow', 'spark', 'machine learning', 'python']",85044.0,1,1,1,1,0,1
data scientist,lead,on-site,"Richmond, VA ",Technology,Public,112288,"['machine learning', 'python']",112288.0,1,1,1,1,0,1
data scientist,lead,hybrid,"Seattle, WA ",Retail,Public,132437,"['r', 'python', 'sql', 'machine learning', 'tableau']",132437.0,1,1,1,1,0,1
data scientist,senior,hybrid,"Manchester, England, United Kingdom ",Technology,Public,45669 - 63936,"['spark', 'python', 'airflow', 'sql', 'machine learning']",54802.5,1,1,1,1,0,1
data scientist,senior,on-site,"Richmond, VA ",Technology,Public,112291,"['machine learning', 'python']",112291.0,1,1,1,1,0,1
data scientist,senior,on-site,"Toronto, Ontario, Canada",Technology,Private,83298 - 124946,"['pandas', 'numpy', 'scikit-learn', 'python', 'sql', 'azure', 'tableau']",104122.0,1,1,1,1,0,1
data scientist,senior,hybrid,"Foster City, CA ",Technology,Private,198201 - 269440,[],233820.5,1,1,1,1,0,1
data scientist,senior,hybrid,"San Francisco, CA, US ",Technology,Public,260211,[],260211.0,1,1,1,1,0,1
data scientist,midlevel,on-site,"Cambridge, MA",Technology,Public,144311 - 198198,"['r', 'python', 'sql', 'machine learning', 'tableau']",171254.5,1,1,1,1,0,1
data scientist,senior,remote,United States ,Technology,Private,155272 - 164406,"['sql', 'machine learning', 'tableau', 'python']",159839.0,1,1,1,1,0,1
data scientist,senior,on-site,"San Diego, CA",Technology,Public,140661,"['pytorch', 'python', 'docker', 'sql', 'neural network', 'kubernetes', 'tensorflow']",140661.0,1,1,1,1,0,1
data scientist,senior,hybrid,"Toronto, Ontario, Canada ",Finance,Public,73739,"['machine learning', 'r', 'python']",73739.0,1,1,1,1,0,1
data scientist,senior,hybrid,"New York, NY ",Technology,Public,135178 - 168971,[],152074.5,1,1,1,1,0,1
data scientist,senior,on-site,On-site,Technology,Private,228515,[],228515.0,1,1,1,1,0,1
data scientist,senior,hybrid,"McLean, VA ",Technology,Public,92833 - 172402,"['java', 'machine learning', 'r', 'python']",132617.5,1,1,1,1,0,1
data scientist,lead,on-site,"Seattle, Washington, United States ",Technology,Private,210070 - 228336,[],219203.0,1,1,1,1,0,1
data scientist,senior,on-site,On-site,Technology,Private,123307 - 191806,[],157556.5,1,1,1,1,0,1
data scientist,senior,on-site,"San Francisco, California, United States ",Finance,Private,219199 - 273999,[],246599.0,1,1,1,1,0,1
data scientist,senior,hybrid,"Toronto, Ontario, Canada ",Technology,Public,75128 - 79194,"['sql', 'tableau', 'python']",77161.0,1,1,1,1,0,1
data scientist,senior,on-site,"Rock Island, IL ",Technology,Public,77667 - 129442,"['scikit-learn', 'r', 'python', 'java', 'machine learning']",103554.5,1,1,1,1,0,1
data scientist,midlevel,remote,"Oregon, United States ",Manufacturing,Public,19420 - 98368,"['pandas', 'powerbi', 'r', 'python', 'sql', 'neural network', 'machine learning', 'deep learning', 'tableau']",58894.0,1,1,1,1,0,1
data scientist,senior,on-site,"San Francisco, California, United States ",Technology,Private,148808,[],148808.0,1,1,1,1,0,1
data scientist,lead,on-site,"Charlotte, NC",Retail,Public,101935 - 193633,"['sql', 'deep learning', 'machine learning']",147784.0,1,1,1,1,0,1
data scientist,senior,hybrid,"Bengaluru, Karnataka, India ",Finance,Public,24205,"['pytorch', 'aws', 'python', 'sql', 'gcp', 'azure', 'tensorflow']",24205.0,1,1,1,1,0,1
data scientist,senior,on-site,"Menlo Park, CA ",Finance,Public,163491 - 191804,[],177647.5,1,1,1,1,0,1
data scientist,senior,remote,"Remote, United States ",Technology,Private,134541 - 174088,[],154314.5,1,1,1,1,0,1
data scientist,senior,on-site,"Rock Island, IL ",Technology,Public,77671 - 129446,"['scikit-learn', 'r', 'python', 'java', 'machine learning']",103558.5,1,1,1,1,0,1
data scientist,senior,remote,"San Francisco, CA, US ",Technology,Public,306623,[],306623.0,1,1,1,1,0,1
data scientist,senior,remote,Fully Remote,Technology,Public,255732,[],255732.0,1,1,1,1,0,1
data scientist,senior,on-site,"Seattle, WA ",Retail,Public,219201,"['amazon', 'r', 'python', 'machine learning', 'deep learning']",219201.0,1,1,1,1,0,1
data scientist,senior,hybrid,"Denver, CO ",Technology,Private,138833,"['spark', 'r', 'python', 'database', 'machine learning']",138833.0,1,1,1,1,0,1
data scientist,senior,remote,"Fort Worth, TX",Technology,Public,100470 - 132436,['machine learning'],116453.0,1,1,1,1,0,1
data scientist,senior,hybrid,"Austin, Texas ",Technology,Public,200936,[],200936.0,1,1,1,1,0,1
data scientist,senior,hybrid,"Toronto, ON ",Finance,Private,153442 - 210981,[],182211.5,1,1,1,1,0,1
data scientist,senior,on-site,United States,Technology,Private,203676 - 253909,"['pytorch', 'spark', 'aws', 'scikit-learn', 'python', 'docker', 'deep learning', 'java', 'sql', 'machine learning', 'gcp', 'kubernetes', 'hadoop', 'azure', 'tensorflow']",228792.5,1,1,1,1,0,1
data scientist,lead,remote,"All, MO",Technology,Public,146133 - 182666,"['aws', 'scikit-learn', 'python', 'sql', 'machine learning', 'tensorflow']",164399.5,1,1,1,1,0,1
data scientist,senior,on-site,"Reston, VA",Technology,Private,167600 - 225989,"['aws', 'git', 'python', 'java', 'kubernetes', 'machine learning']",196794.5,1,1,1,1,0,1
data scientist,senior,remote,Fully Remote,Technology,Private,133351 - 155271,[],144311.0,1,1,1,1,0,1
data scientist,senior,hybrid,"Redwood City, US, California ",Technology,Private,149786 - 195453,[],172619.5,1,1,1,1,0,1
data scientist,senior,on-site,"Veldhoven, North Brabant, Netherlands ",Technology,Public,82371,['r'],82371.0,1,1,1,1,0,1
data scientist,senior,remote,Fully Remote,Technology,Public,224774,[],224774.0,1,1,1,1,0,1
data scientist,senior,on-site,On-site,Technology,Public,117189 - 185414,[],151301.5,1,1,1,1,0,1
data scientist,senior,on-site,"Omaha, NE ",Finance,Public,149445 - 182654,"['scikit-learn', 'python', 'sql', 'machine learning', 'tensorflow']",166049.5,1,1,1,1,0,1
data scientist,senior,on-site,"Torrance, CA",Technology,Public,63942,"['spark', 'r', 'python', 'hadoop', 'machine learning']",63942.0,1,1,1,1,0,1
data scientist,senior,hybrid,"Los Angeles, CA ",Technology,Private,182668 - 214634,['amazon'],198651.0,1,1,1,1,0,1
data scientist,midlevel,remote,"San Francisco, CA",Technology,Public,90877 - 141566,"['tableau', 'sql', 'r', 'python']",116221.5,1,1,1,1,0,1
data scientist,senior,hybrid,"Navi Mumbai, Maharashtra, India ",Finance,Public,15542,"['pandas', 'numpy', 'pytorch', 'scikit-learn', 'python', 'docker', 'scipy', 'sql', 'machine learning', 'deep learning', 'matplotlib', 'tensorflow']",15542.0,1,1,1,1,0,1
data scientist,senior,hybrid,"Tallinn, Harjumaa, Estonia ",Technology,Private,61772,"['pandas', 'numpy', 'spark', 'aws', 'scikit-learn', 'python', 'docker', 'airflow', 'sql', 'machine learning', 'deep learning']",61772.0,1,1,1,1,0,1
data scientist,senior,on-site,"New York, NY",Retail,Public,137004,['machine learning'],137004.0,1,1,1,1,0,1
data scientist,senior,hybrid,"New York, NY ",Technology,Public,45674 - 105040,"['database', 'sql', 'aws', 'python']",75357.0,1,1,1,1,0,1
data scientist,senior,on-site,"Phoenix, AZ",Energy,Public,82201,"['powerbi', 'aws', 'r', 'python', 'sql', 'machine learning']",82201.0,1,1,1,1,0,1
data scientist,lead,hybrid,"Austin, TX ",Technology,Public,109605,"['java', 'sql', 'python']",109605.0,1,1,1,1,0,1
data scientist,lead,hybrid,"Cincinnati, OH ",Technology,Private,199795,[],199795.0,1,1,1,1,0,1
data scientist,senior,on-site,"Manassas, VA",Technology,Public,94077 - 118737,"['aws', 'python', 'linux', 'sql', 'gcp', 'hadoop']",106407.0,1,1,1,1,0,1
data scientist,lead,hybrid,"Bengaluru, Karnataka, India ",Technology,Private,19096,"['spark', 'r', 'python', 'java', 'sql', 'machine learning']",19096.0,1,1,1,1,0,1
data scientist,senior,hybrid,"McLean, VA ",Technology,Public,92838 - 172407,"['java', 'machine learning', 'r', 'python']",132622.5,1,1,1,1,0,1
data scientist,senior,on-site,"Denver, CO",Healthcare,Public,68685 - 100834,"['pytorch', 'aws', 'r', 'python', 'docker', 'scikit-learn', 'sql', 'machine learning', 'gcp', 'deep learning', 'azure', 'tensorflow']",84759.5,1,1,1,1,0,1
data scientist,senior,hybrid,Greater SÃ£o Paulo Area ,Technology,Public,50222,"['sql', 'r', 'python']",50222.0,1,1,1,1,0,1
data scientist,midlevel,on-site,"Mettawa, IL",Healthcare,Public,137003,[],137003.0,1,1,1,1,0,1
data scientist,senior,on-site,"South San Francisco, CA ",Healthcare,Public,124219,"['machine learning', 'r', 'python']",124219.0,1,1,1,1,0,1
data scientist,senior,remote,United States,Technology,Public,95586 - 172785,"['machine learning', 'r', 'python']",134185.5,1,1,1,1,0,1
data scientist,lead,on-site,"San Antonio, TX",Finance,Private,137008,"['spark', 'r', 'python', 'sql', 'machine learning', 'hadoop', 'deep learning']",137008.0,1,1,1,1,0,1
data scientist,senior,remote,United States ,Technology,Private,137002 - 155268,"['sql', 'machine learning', 'tableau', 'python']",146135.0,1,1,1,1,0,1
data scientist,senior,hybrid,"Manchester, England, United Kingdom ",Technology,Private,95906 - 105039,"['pytorch', 'aws', 'scikit-learn', 'scipy', 'machine learning', 'gcp', 'azure', 'tensorflow']",100472.5,1,1,1,1,0,1
data scientist,senior,on-site,"Plano, TX ",Finance,Public,86772 - 196371,"['pytorch', 'machine learning', 'tensorflow', 'python']",141571.5,1,1,1,1,0,1
data scientist,lead,hybrid,"San Francisco, CA ",Healthcare,Private,258704,[],258704.0,1,1,1,1,0,1
data scientist,senior,on-site,"San Francisco, CA ",Technology,Private,155274,"['sql', 'machine learning', 'r', 'python']",155274.0,1,1,1,1,0,1
data scientist,senior,hybrid,"Foster City, CA ",Finance,Public,120561 - 192988,"['pytorch', 'spark', 'r', 'python', 'scikit-learn', 'machine learning', 'deep learning', 'tensorflow']",156774.5,1,1,1,1,0,1
data scientist,senior,on-site,"Alameda, CA",Healthcare,Public,79187,"['spark', 'r', 'python', 'scala', 'linux', 'java', 'hadoop', 'machine learning']",79187.0,1,1,1,1,0,1
data scientist,midlevel,on-site,"San Diego, CA ",Healthcare,Public,115539 - 181846,"['aws', 'git', 'r', 'python', 'java', 'machine learning', 'database', 'azure', 'matplotlib']",148692.5,1,1,1,1,0,1
data scientist,senior,on-site,"Redmond, WA",Technology,Public,121475 - 255734,"['sql', 'machine learning', 'r', 'python']",188604.5,1,1,1,1,0,1
data scientist,lead,hybrid,Hybrid,Technology,Private,294100,[],294100.0,1,1,1,1,0,1
data scientist,midlevel,remote,"Annapolis Junction, MD ",Technology,Private,109600 - 182666,"['linux', 'machine learning', 'python']",146133.0,1,1,1,1,0,1
data scientist,senior,remote,"Rosemont, IL",Healthcare,Public,68501 - 109601,"['git', 'r', 'python', 'bash', 'sql', 'machine learning', 'deep learning']",89051.0,1,1,1,1,0,1
data scientist,lead,hybrid,"New York, NY ",Finance,Public,137002,"['pandas', 'numpy', 'scikit-learn', 'python', 'sql', 'hadoop']",137002.0,1,1,1,1,0,1
data scientist,senior,on-site,"Chantilly, VA ",Technology,Public,114171,"['aws', 'azure']",114171.0,1,1,1,1,0,1
data scientist,senior,on-site,"Orlando, FL",Technology,Public,68500,['machine learning'],68500.0,1,1,1,1,0,1
data scientist,senior,remote,"Bengaluru, Karnataka, India",Technology,Private,36104,"['spark', 'python', 'sql', 'machine learning', 'deep learning', 'tensorflow']",36104.0,1,1,1,1,0,1
data scientist,senior,hybrid,"Montreal, Quebec, Canada ",Technology,Private,55906,"['pandas', 'numpy', 'pytorch', 'aws', 'scikit-learn', 'python', 'sql', 'machine learning']",55906.0,1,1,1,1,0,1
data scientist,midlevel,hybrid,"Lebanon, NH ",Healthcare,Public,81293 - 108937,"['machine learning', 'python']",95115.0,1,1,1,1,0,1
data scientist,midlevel,on-site,"Veldhoven, North Brabant, Netherlands ",Technology,Public,82373,['python'],82373.0,1,1,1,1,0,1
data scientist,senior,remote,United States,Healthcare,Public,88140 - 136089,"['sql', 'azure', 'r', 'python']",112114.5,1,1,1,1,0,1
data scientist,senior,on-site,"Annapolis Junction, MD",Technology,Private,178100 - 210980,"['sql', 'machine learning', 'r', 'python']",194540.0,1,1,1,1,0,1
data scientist,midlevel,remote,"Fort Meade, MD ",Technology,Private,127871 - 178103,"['sql', 'machine learning', 'r', 'python']",152987.0,1,1,1,1,0,1
data scientist,senior,on-site,"Mountain View, CA",Technology,Public,171712 - 277840,"['sql', 'python']",224776.0,1,1,1,1,0,1
data scientist,lead,on-site,Antwerp Metropolitan Area,Technology,Public,90697,"['powerbi', 'tableau']",90697.0,1,1,1,1,0,1
data scientist,senior,on-site,United States,Technology,Public,99744 - 204046,"['pytorch', 'aws', 'r', 'python', 'docker', 'machine learning', 'kubernetes', 'deep learning', 'tensorflow']",151895.0,1,1,1,1,0,1
data scientist,senior,on-site,"Dublin, County Dublin, Ireland",Healthcare,Public,52987,"['sql', 'azure', 'python']",52987.0,1,1,1,1,0,1
data scientist,senior,remote,United States,Technology,Public,100467,['machine learning'],100467.0,1,1,1,1,0,1
data scientist,senior,on-site,United States ,Technology,Private,137003 - 150703,"['sql', 'machine learning', 'r', 'python']",143853.0,1,1,1,1,0,1
data scientist,senior,remote,"Riverwoods, IL",Technology,Public,118733 - 166226,"['sql', 'tableau']",142479.5,1,1,1,1,0,1
data scientist,lead,on-site,"South San Francisco, CA",Technology,Private,195911,['machine learning'],195911.0,1,1,1,1,0,1
data scientist,midlevel,remote,"Tallahassee, FL ",Finance,Public,131219 - 223067,"['r', 'python', 'sql', 'machine learning', 'database', 'deep learning']",177143.0,1,1,1,1,0,1
data scientist,senior,remote,Fully Remote,Technology,Private,164405 - 226054,[],195229.5,1,1,1,1,0,1
data scientist,senior,hybrid,"San Jose, CA ",Technology,Private,112800 - 194405,"['sql', 'machine learning', 'r', 'python']",153602.5,1,1,1,1,0,1
data scientist,senior,on-site,"Milwaukee, WI",Healthcare,Public,102300 - 140660,"['spark', 'python', 'scala', 'machine learning', 'database', 'azure', 'tableau']",121480.0,1,1,1,1,0,1
data scientist,midlevel,on-site,"Pune, Maharashtra, India ",Technology,Private,13173,"['amazon', 'r', 'python', 'java', 'database', 'hadoop', 'machine learning']",13173.0,1,1,1,1,0,1
data scientist,senior,remote,Fully Remote,Technology,Private,164400,[],164400.0,1,1,1,1,0,1
data scientist,senior,on-site,"Seattle, WA",Technology,Public,125223 - 216007,"['sql', 'r', 'python']",170615.0,1,1,1,1,0,1
data scientist,senior,on-site,"Johns Creek, GA",Retail,Public,137000,['machine learning'],137000.0,1,1,1,1,0,1
data scientist,senior,hybrid,"Basking Ridge, NJ ",Technology,Public,92254,"['python', 'sql', 'machine learning', 'database', 'hadoop', 'deep learning']",92254.0,1,1,1,1,0,1
data scientist,senior,remote,Fully Remote,Technology,Private,198198 - 277565,[],237881.5,1,1,1,1,0,1
data scientist,senior,on-site,"New Brunswick, NJ",Healthcare,Public,97046 - 131295,"['aws', 'powerbi', 'r', 'python', 'airflow', 'machine learning', 'azure', 'tableau']",114170.5,1,1,1,1,0,1
data scientist,senior,on-site,"Bellevue, WA",Technology,Public,109328 - 203035,"['pytorch', 'scikit-learn', 'python', 'scala', 'java', 'machine learning', 'tensorflow']",156181.5,1,1,1,1,0,1
data scientist,lead,on-site,"Phoenix, AZ",Finance,Private,137000,"['spark', 'r', 'python', 'sql', 'machine learning', 'hadoop', 'deep learning']",137000.0,1,1,1,1,0,1
data scientist,senior,on-site,On-site,Technology,Private,144307 - 167140,[],155723.5,1,1,1,1,0,1
data scientist,senior,hybrid,"Kitchener-Waterloo, ON ",Finance,Private,153447 - 210986,[],182216.5,1,1,1,1,0,1
data scientist,senior,hybrid,Greater Chicago Area ,Finance,Private,73068 - 91335,"['aws', 'python', 'sql', 'machine learning', 'deep learning']",82201.5,1,1,1,1,0,1
data scientist,senior,on-site,"Cambridge, MA",Technology,Public,9140,"['r', 'python', 'sql', 'hadoop', 'machine learning']",9140.0,1,1,1,1,0,1
data scientist,senior,on-site,"Normal, IL ",Technology,Public,147050 - 196370,"['sql', 'r', 'python']",171710.0,1,1,1,1,0,1
data scientist,senior,remote,Fully Remote,Technology,Public,146050 - 230989,[],188519.5,1,1,1,1,0,1
data scientist,senior,on-site,"Menlo Park, CA",Technology,Public,181756 - 258932,['python'],220344.0,1,1,1,1,0,1
data scientist,senior,remote,Fully Remote,Technology,Private,132438 - 159838,[],146138.0,1,1,1,1,0,1
data scientist,senior,on-site,"Cincinnati, OH",Finance,Public,157017 - 263794,"['spark', 'aws', 'python', 'sql', 'machine learning', 'gcp', 'azure']",210405.5,1,1,1,1,0,1
data scientist,midlevel,on-site,"McLean, VA",Retail,Public,121479 - 138650,"['spark', 'aws', 'r', 'python', 'scala', 'sql', 'database', 'machine learning']",130064.5,1,1,1,1,0,1
data scientist,senior,on-site,"Dublin, County Dublin, Ireland",Healthcare,Public,57318,"['machine learning', 'r', 'python']",57318.0,1,1,1,1,0,1
data scientist,senior,on-site,On-site,Technology,Private,216463 - 242949,[],229706.0,1,1,1,1,0,1
data scientist,senior,remote,"Arlington, VA",Finance,Public,89623 - 152356,"['r', 'python', 'sql', 'machine learning', 'database', 'deep learning']",120989.5,1,1,1,1,0,1
data scientist,senior,on-site,On-site,Technology,Private,28130,[],28130.0,1,1,1,1,0,1
data scientist,midlevel,on-site,"San Francisco, CA",Technology,Public,130667 - 241897,"['spark', 'aws', 'python', 'airflow', 'sql', 'gcp', 'machine learning']",186282.0,1,1,1,1,0,1
data scientist,senior,on-site,"Atlanta, GA",Finance,Private,67682 - 101475,"['pandas', 'aws', 'scikit-learn', 'python', 'sql', 'machine learning', 'gcp', 'azure', 'matplotlib']",84578.5,1,1,1,1,0,1
data scientist,senior,hybrid,"London, England, United Kingdom ",Technology,Public,91337 - 137003,"['sql', 'aws', 'r', 'python']",114170.0,1,1,1,1,0,1
data scientist,senior,hybrid,"Bengaluru, Karnataka, India ",Technology,Public,32665,"['pandas', 'numpy', 'pytorch', 'aws', 'r', 'python', 'scikit-learn', 'scipy', 'sql', 'machine learning', 'deep learning', 'keras', 'azure', 'matplotlib', 'tensorflow', 'tableau']",32665.0,1,1,1,1,0,1
data scientist,senior,hybrid,"New York, NY ",Technology,Private,118741 - 137008,[],127874.5,1,1,1,1,0,1
data scientist,senior,remote,"Madrid, Community of Madrid, Spain",Technology,Private,55995,"['spark', 'aws', 'powerbi', 'r', 'python', 'docker', 'linux', 'sql', 'azure', 'tableau']",55995.0,1,1,1,1,0,1
data scientist,lead,hybrid,"Palo Alto, CA ",Technology,Private,186327 - 261220,[],223773.5,1,1,1,1,0,1
data scientist,senior,hybrid,"Seattle, WA ",Technology,Private,210073 - 251172,"['sql', 'python']",230622.5,1,1,1,1,0,1
data scientist,senior,on-site,"Toronto, Ontario, Canada",Finance,Private,94256 - 175359,"['machine learning', 'python']",134807.5,1,1,1,1,0,1
data scientist,senior,on-site,"Fort George G Meade, Maryland, United States ",Technology,Private,89511 - 196370,[],142940.5,1,1,1,1,0,1
data scientist,midlevel,on-site,"Bellevue, WA",Retail,Public,122847 - 196370,"['aws', 'git', 'python', 'sql', 'machine learning']",159608.5,1,1,1,1,0,1
data scientist,senior,on-site,"Bengaluru, Karnataka, India ",Healthcare,Public,27524,"['pytorch', 'python', 'docker', 'machine learning', 'kubernetes', 'deep learning', 'tensorflow']",27524.0,1,1,1,1,0,1
data scientist,senior,on-site,"New York City, New York, United States ",Technology,Private,151203,[],151203.0,1,1,1,1,0,1
data scientist,lead,hybrid,"Bengaluru, Karnataka, India ",Finance,Private,14064,"['aws', 'machine learning', 'gcp', 'azure', 'deep learning']",14064.0,1,1,1,1,0,1
data scientist,senior,on-site,"Irvine, CA",Technology,Private,92252 - 170573,"['amazon', 'pytorch', 'aws', 'python', 'java', 'machine learning', 'deep learning', 'keras', 'azure', 'tensorflow']",131412.5,1,1,1,1,0,1
data scientist,senior,remote,"Brisbane, CA",Healthcare,Public,164408 - 211900,"['pandas', 'numpy', 'git', 'r', 'python', 'scikit-learn', 'machine learning', 'matplotlib']",188154.0,1,1,1,1,0,1
data scientist,senior,on-site,"Boston, MA ",Finance,Private,109600,"['deep learning', 'machine learning']",109600.0,1,1,1,1,0,1
data scientist,senior,hybrid,"San Jose, CA ",Technology,Private,112803 - 194408,"['sql', 'machine learning', 'r', 'python']",153605.5,1,1,1,1,0,1
data scientist,junior,on-site,"San Diego, CA",Technology,Private,81294 - 109607,"['sql', 'machine learning', 'tableau']",95450.5,1,1,1,1,0,1
data scientist,senior,remote,United States ,Technology,Private,127869 - 164402,"['pytorch', 'scikit-learn', 'python', 'java', 'machine learning', 'tensorflow']",146135.5,1,1,1,1,0,1
data scientist,senior,hybrid,"Toronto, Ontario, Canada ",Finance,Public,73457,"['machine learning', 'python']",73457.0,1,1,1,1,0,1
data scientist,junior,hybrid,"Overland Park, KS ",Technology,Public,78825 - 142210,"['sql', 'machine learning', 'r', 'python']",110517.5,1,1,1,1,0,1
data scientist,lead,hybrid,"Lake Mary, FL ",Finance,Public,109606,"['sql', 'kubernetes', 'machine learning', 'python']",109606.0,1,1,1,1,0,1
data scientist,senior,hybrid,"Vilniaus, Lithuania ",Technology,Private,5940 - 8223,"['aws', 'database', 'sql', 'machine learning', 'gcp', 'kubernetes', 'deep learning', 'azure']",7081.5,1,1,1,1,0,1
data scientist,midlevel,on-site,"Brazil, Sao Paulo ",Technology,Private,28878 - 39713,[],34295.5,1,1,1,1,0,1
data scientist,lead,remote,Fully Remote,Technology,Private,255738,[],255738.0,1,1,1,1,0,1
data scientist,senior,remote,"Alpharetta, GA",Healthcare,Public,82480 - 137371,"['pandas', 'numpy', 'aws', 'scikit-learn', 'python', 'scipy', 'database', 'matplotlib']",109925.5,1,1,1,1,0,1
data scientist,senior,on-site,"Orlando, FL",Technology,Private,97168 - 107796,"['amazon', 'azure', 'machine learning']",102482.0,1,1,1,1,0,1
data scientist,senior,remote,Fully Remote,Technology,Private,118741,[],118741.0,1,1,1,1,0,1
data scientist,lead,hybrid,"Tempe, AZ ",Finance,Private,100470 - 137003,"['linux', 'aws', 'r', 'python']",118736.5,1,1,1,1,0,1
data scientist,senior,on-site,"Indianapolis, IN",Healthcare,Public,138373 - 202945,['tableau'],170659.0,1,1,1,1,0,1
data scientist,senior,hybrid,"Santa Clara, CA ",Technology,Private,205499 - 273999,"['pandas', 'numpy', 'pytorch', 'spark', 'aws', 'python', 'machine learning', 'gcp', 'deep learning', 'azure', 'matplotlib', 'tensorflow']",239749.0,1,1,1,1,0,1
data scientist,senior,on-site,"Bengaluru, Karnataka, India",Technology,Private,15667,"['powerbi', 'python', 'sql', 'machine learning', 'deep learning', 'matplotlib', 'tableau']",15667.0,1,1,1,1,0,1
data scientist,lead,on-site,"Boston, MA",Finance,Public,141571,"['sql', 'machine learning', 'r', 'python']",141571.0,1,1,1,1,0,1
data scientist,senior,hybrid,"Boston, MA ",Finance,Private,109605 - 159838,"['r', 'python', 'machine learning', 'keras', 'deep learning', 'tensorflow']",134721.5,1,1,1,1,0,1
data scientist,lead,remote,"Raleigh, NC",Technology,Public,146135 - 182668,"['aws', 'scikit-learn', 'python', 'sql', 'machine learning', 'tensorflow']",164401.5,1,1,1,1,0,1
data scientist,senior,remote,Fully Remote,Technology,Private,168061 - 192721,[],180391.0,1,1,1,1,0,1
data scientist,senior,on-site,"Brooklyn, OH ",Finance,Public,115085 - 126958,"['sql', 'r', 'python']",121021.5,1,1,1,1,0,1
data scientist,senior,remote,Fully Remote,Technology,Private,155269 - 178102,[],166685.5,1,1,1,1,0,1
data scientist,midlevel,on-site,"Chicago, IL",Technology,Private,52518 - 97271,[],74894.5,1,1,1,1,0,1
data scientist,senior,on-site,"South San Francisco, CA",Technology,Private,147049 - 185363,"['pytorch', 'aws', 'r', 'python', 'docker', 'scikit-learn', 'machine learning', 'gcp', 'deep learning', 'azure', 'matplotlib', 'tensorflow']",166206.0,1,1,1,1,0,1
data scientist,lead,on-site,"Minneapolis, MN",Finance,Private,112348 - 168609,"['pytorch', 'aws', 'python', 'sql', 'machine learning', 'gcp', 'azure', 'tensorflow']",140478.5,1,1,1,1,0,1
data scientist,senior,hybrid,"Bucharest, Bucharest, Romania ",Technology,Private,5939 - 8222,"['aws', 'database', 'sql', 'machine learning', 'gcp', 'kubernetes', 'deep learning', 'azure']",7080.5,1,1,1,1,0,1
data scientist,senior,remote,United States ,Healthcare,Private,91336 - 109602,"['pandas', 'numpy', 'aws', 'git', 'scikit-learn', 'python', 'sql', 'gcp', 'database', 'machine learning']",100469.0,1,1,1,1,0,1
data scientist,senior,hybrid,"San Francisco, California, United States ",Healthcare,Private,159834 - 205500,[],182667.0,1,1,1,1,0,1
data scientist,senior,hybrid,"Chicago, IL ",Healthcare,Private,95901 - 123301,"['sql', 'machine learning', 'scikit-learn', 'python']",109601.0,1,1,1,1,0,1
data scientist,senior,hybrid,"Austin, Texas ",Technology,Public,200937,[],200937.0,1,1,1,1,0,1
data scientist,senior,on-site,"San Diego, CA",Healthcare,Public,129513 - 215914,"['r', 'python', 'scala', 'sql', 'gcp']",172713.5,1,1,1,1,0,1
data scientist,midlevel,remote,"Brookfield, WI ",Healthcare,Private,59552 - 138317,"['aws', 'r', 'python', 'sql', 'machine learning']",98934.5,1,1,1,1,0,1
data scientist,senior,hybrid,"Yonkers, New York, United States ",Healthcare,Private,120568 - 134268,[],127418.0,1,1,1,1,0,1
data scientist,senior,hybrid,"Berlin, Berlin, Germany ",Technology,Private,86270 - 119421,"['scala', 'spark', 'machine learning', 'python']",102845.5,1,1,1,1,0,1
data scientist,lead,hybrid,"Golden Valley, MN ",Technology,Public,119819 - 178753,"['pandas', 'numpy', 'pytorch', 'spark', 'aws', 'git', 'r', 'python', 'scikit-learn', 'sql', 'machine learning', 'keras', 'azure', 'tensorflow']",149286.0,1,1,1,1,0,1
data scientist,senior,hybrid,"Chicago, IL ",Technology,Private,83821,"['git', 'r', 'python', 'sql', 'machine learning', 'deep learning']",83821.0,1,1,1,1,0,1
data scientist,senior,remote,Fully Remote,Technology,Public,137006 - 200939,[],168972.5,1,1,1,1,0,1
data scientist,lead,remote,Fully Remote,Healthcare,Private,173536 - 200936,[],187236.0,1,1,1,1,0,1
data scientist,senior,remote,Fully Remote,Energy,Private,141572 - 168972,[],155272.0,1,1,1,1,0,1
data scientist,midlevel,on-site,"San Francisco, CA",Technology,Public,130666 - 241896,"['spark', 'aws', 'python', 'airflow', 'sql', 'gcp', 'machine learning']",186281.0,1,1,1,1,0,1
data scientist,midlevel,on-site,"Rockville, MD",Healthcare,Public,124333 - 207218,"['machine learning', 'r', 'python']",165775.5,1,1,1,1,0,1
data scientist,senior,hybrid,"New York, NY ",Technology,Private,109603 - 118736,[],114169.5,1,1,1,1,0,1
data scientist,lead,on-site,"Seattle, WA",Retail,Public,120567,"['python', 'sql', 'machine learning', 'azure', 'tableau']",120567.0,1,1,1,1,0,1
data scientist,senior,remote,United States,Technology,Private,109600 - 118733,"['spark', 'aws', 'git', 'r', 'python', 'powerbi', 'scala', 'java', 'sql', 'machine learning', 'gcp', 'hadoop', 'azure', 'matplotlib', 'tableau']",114166.5,1,1,1,1,0,1
data scientist,lead,on-site,United States,Retail,Public,86958,"['pytorch', 'spark', 'python', 'machine learning', 'deep learning', 'azure', 'tensorflow']",8695.0,1,1,1,1,0,1
data scientist,senior,remote,Fully Remote,Healthcare,Private,109606 - 146139,[],127872.5,1,1,1,1,0,1
data scientist,senior,hybrid,"Minneapolis, MN ",Healthcare,Private,103871,"['sql', 'machine learning', 'r', 'python']",103871.0,1,1,1,1,0,1
data scientist,senior,remote,"India, Bengaluru ",Technology,Private,39026,[],39026.0,1,1,1,1,0,1
data scientist,senior,hybrid,"San Francisco, CA ",Technology,Private,146135 - 196368,[],171251.5,1,1,1,1,0,1
data scientist,senior,on-site,On-site,Technology,Private,147968,[],147968.0,1,1,1,1,0,1
data scientist,lead,on-site,"Sacramento, California, United States ",Technology,Private,218288,[],218288.0,1,1,1,1,0,1
data scientist,senior,remote,Fully Remote,Technology,Private,141574 - 182674,[],162124.0,1,1,1,1,0,1
data scientist,senior,hybrid,United States ,Technology,Public,130609 - 209155,"['pytorch', 'aws', 'scikit-learn', 'python', 'sql', 'machine learning', 'deep learning', 'tensorflow']",169882.0,1,1,1,1,0,1
data scientist,senior,on-site,"Richmond, VA",Technology,Private,91334 - 109600,"['git', 'r', 'python', 'sql', 'machine learning']",100467.0,1,1,1,1,0,1
data scientist,senior,on-site,Greater Milwaukee,Retail,Public,94111 - 161332,"['spark', 'aws', 'r', 'python', 'scala', 'sql', 'machine learning', 'gcp', 'deep learning', 'hadoop', 'azure', 'tableau']",127721.5,1,1,1,1,0,1
data scientist,senior,hybrid,"Maplewood, MN ",Healthcare,Public,146393 - 178925,"['machine learning', 'r', 'python']",162659.0,1,1,1,1,0,1
data scientist,senior,hybrid,"Austin, TX ",Technology,Private,109606 - 146139,"['pandas', 'numpy', 'aws', 'r', 'python', 'scikit-learn', 'airflow', 'sql', 'machine learning', 'gcp', 'azure', 'matplotlib', 'tableau']",127872.5,1,1,1,1,0,1
data scientist,senior,hybrid,"San Francisco, CA ",Technology,Private,164408 - 182674,"['sql', 'machine learning', 'python']",173541.0,1,1,1,1,0,1
data scientist,lead,hybrid,"Los Angeles, CA ",Technology,Private,104128 - 192721,[],148424.5,1,1,1,1,0,1
data scientist,senior,hybrid,"Chicago, Illinois, United States ",Manufacturing,Private,156187,[],156187.0,1,1,1,1,0,1
data scientist,senior,remote,Fully Remote,Technology,Private,200936,[],200936.0,1,1,1,1,0,1
data scientist,lead,remote,"Detroit, MI",Finance,Public,90424,"['aws', 'r', 'python', 'scikit-learn', 'sql', 'machine learning', 'database', 'deep learning', 'tensorflow']",90424.0,1,1,1,1,0,1
data scientist,junior,on-site,"Miami, FL",Finance,Private,182667,"['pandas', 'spark', 'r', 'python', 'scikit-learn', 'sql', 'gcp', 'machine learning', 'tensorflow', 'tableau']",182667.0,1,1,1,1,0,1
data scientist,lead,hybrid,"Los Angeles, CA ",Technology,Private,237468,[],237468.0,1,1,1,1,0,1
data scientist,senior,on-site,United States,Technology,Public,114170,"['pytorch', 'aws', 'r', 'python', 'sql', 'machine learning', 'database', 'deep learning', 'tensorflow']",114170.0,1,1,1,1,0,1
data scientist,senior,hybrid,"New York, NY ",Retail,Public,68501 - 73068,"['amazon', 'r', 'python', 'sql', 'machine learning']",70784.5,1,1,1,1,0,1
data scientist,senior,on-site,"Lake Oswego, OR ",Finance,Public,81237 - 150867,"['aws', 'r', 'python', 'sql', 'machine learning', 'azure']",116052.0,1,1,1,1,0,1
data scientist,midlevel,on-site,San Francisco Bay Area ,Technology,Private,78551 - 139744,"['pandas', 'numpy', 'pytorch', 'aws', 'scikit-learn', 'python', 'tensorflow']",109147.5,1,1,1,1,0,1
data scientist,senior,on-site,United States,Technology,Private,95906 - 114173,"['sql', 'machine learning', 'r', 'python']",105039.5,1,1,1,1,0,1
data scientist,senior,remote,United States ,Finance,Private,150707 - 200940,"['sql', 'python']",175823.5,1,1,1,1,0,1
data scientist,senior,on-site,United States,Technology,Public,164406,"['pandas', 'pytorch', 'aws', 'r', 'python', 'linux', 'java', 'machine learning', 'gcp', 'deep learning', 'azure', 'tensorflow']",164406.0,1,1,1,1,0,1
data scientist,senior,on-site,"New York, NY",Finance,Public,141570,"['kubernetes', 'machine learning', 'python']",141570.0,1,1,1,1,0,1
data scientist,senior,hybrid,"New York, New York ",Technology,Public,120566 - 231992,[],176279.0,1,1,1,1,0,1
data scientist,senior,on-site,"Fredericksburg, VA ",Technology,Private,100469 - 210068,"['powerbi', 'r', 'python', 'java', 'sql', 'machine learning', 'tableau']",155268.5,1,1,1,1,0,1
data scientist,senior,hybrid,"Munich, Germany ",Manufacturing,Private,62797 - 72216,[],67506.5,1,1,1,1,0,1
data scientist,senior,hybrid,United States ,Technology,Private,112343 - 225595,"['pytorch', 'spark', 'scikit-learn', 'python', 'sql', 'machine learning', 'tensorflow']",168969.0,1,1,1,1,0,1
data scientist,senior,hybrid,"Seattle, WA ",Retail,Public,147962 - 271261,"['aws', 'python', 'scala', 'java', 'gcp', 'machine learning']",209611.5,1,1,1,1,0,1
data scientist,senior,on-site,"Calgary, Alberta, Canada ",Technology,Private,52067,"['scikit-learn', 'python']",52067.0,1,1,1,1,0,1
data scientist,senior,on-site,"Augusta, GA",Technology,Private,39797 - 87544,"['machine learning', 'python']",63670.5,1,1,1,1,0,1
data scientist,senior,on-site,"Toronto, Ontario, Canada",Retail,Public,59210,"['git', 'python', 'airflow', 'sql', 'machine learning', 'hadoop', 'azure']",59210.0,1,1,1,1,0,1
data scientist,midlevel,on-site,"Denver, CO",Technology,Private,55940 - 123063,"['machine learning', 'python']",89501.5,1,1,1,1,0,1
data scientist,senior,hybrid,Hybrid,Technology,Private,195456,[],195456.0,1,1,1,1,0,1
data scientist,lead,hybrid,"Chicago, IL ",Logistics,Private,182673 - 274006,[],228339.5,1,1,1,1,0,1
data scientist,senior,on-site,"San Francisco, CA",Retail,Public,144893 - 161660,"['aws', 'python', 'machine learning', 'azure', 'deep learning', 'tableau']",153276.5,1,1,1,1,0,1
data scientist,senior,hybrid,"Los Angeles, CA ",Technology,Private,121476 - 225595,[],173535.5,1,1,1,1,0,1
data scientist,senior,remote,Remote - US ,Technology,Private,144750 - 229724,[],187237.0,1,1,1,1,0,1
data scientist,senior,hybrid,Canada ,Technology,Private,118741 - 155273,[],137007.0,1,1,1,1,0,1
data scientist,senior,on-site,"Bengaluru, Karnataka, India",Healthcare,Public,29797 - 32901,"['spark', 'aws', 'python', 'sql', 'machine learning', 'deep learning', 'azure']",31349.0,1,1,1,1,0,1
data scientist,senior,hybrid,"Redwood City, CA (Hybrid) ",Technology,Private,220119,[],220119.0,1,1,1,1,0,1
data scientist,lead,on-site,"New York, NY",Retail,Public,137000,"['sql', 'machine learning', 'r', 'python']",137000.0,1,1,1,1,0,1
data scientist,senior,on-site,"Los Angeles County, CA",Technology,Public,121475 - 132435,"['pandas', 'numpy', 'pytorch', 'aws', 'scikit-learn', 'python', 'scipy', 'sql', 'machine learning', 'gcp', 'azure', 'tensorflow']",126955.0,1,1,1,1,0,1
data scientist,senior,on-site,"Arlington, VA ",Retail,Public,155268 - 177188,"['amazon', 'aws', 'r', 'python', 'sql', 'machine learning', 'tableau']",166228.0,1,1,1,1,0,1
data scientist,senior,on-site,"Princeton, NJ ",Technology,Public,118737 - 168970,"['pytorch', 'python', 'machine learning', 'keras', 'deep learning', 'tensorflow']",143853.5,1,1,1,1,0,1
data scientist,midlevel,on-site,"Chennai, Tamil Nadu, India ",Finance,Public,20926,"['hadoop', 'git', 'gcp', 'python']",20926.0,1,1,1,1,0,1
data scientist,senior,remote,"Fort Worth, TX",Technology,Public,100474 - 132440,['machine learning'],116457.0,1,1,1,1,0,1
data scientist,senior,hybrid,"East Coast, United States ",Healthcare,Private,124220 - 168060,[],146140.0,1,1,1,1,0,1
data scientist,lead,hybrid,"Greater Birmingham, Alabama Area ",Energy,Private,118740 - 155273,[],137006.5,1,1,1,1,0,1
data scientist,senior,hybrid,"Markham, Ontario, Canada ",Finance,Public,73454,"['machine learning', 'python']",73454.0,1,1,1,1,0,1
data scientist,senior,remote,Fully Remote,Technology,Private,155266 - 178099,[],166682.5,1,1,1,1,0,1
data scientist,senior,on-site,"Bellevue, WA ",Technology,Public,125226 - 216010,"['sql', 'r', 'python']",170618.0,1,1,1,1,0,1
data scientist,senior,hybrid,"Cambridge, MA ",Healthcare,Public,79461,['python'],79461.0,1,1,1,1,0,1
data scientist,midlevel,on-site,"South San Francisco, CA ",Healthcare,Public,157737 - 248339,"['machine learning', 'r', 'python']",203038.0,1,1,1,1,0,1
data scientist,senior,hybrid,"Navi Mumbai, Maharashtra, India ",Finance,Public,15539,"['python', 'neural network', 'sql', 'machine learning', 'deep learning']",15539.0,1,1,1,1,0,1
data scientist,midlevel,on-site,"Washington, DC ",Technology,Public,146141 - 182673,['python'],164407.0,1,1,1,1,0,1
data scientist,senior,on-site,On-site,Technology,Public,151799 - 278294,[],215046.5,1,1,1,1,0,1
data scientist,lead,on-site,"Bangkok, Bangkok, Thailand ",Technology,Private,54267,[],54267.0,1,1,1,1,0,1
data scientist,senior,remote,"Remote, United States ",Finance,Private,167139,[],167139.0,1,1,1,1,0,1
data scientist,lead,hybrid,"Bangalore, Karnataka, India ",Technology,Private,34568,[],34568.0,1,1,1,1,0,1
data scientist,lead,remote,"Cardiff, London or Remote (UK) ",Technology,Private,86767 - 105033,[],95900.0,1,1,1,1,0,1
data scientist,senior,on-site,"St Louis, MO",Retail,Public,101079 - 157680,"['pandas', 'amazon', 'powerbi', 'git', 'r', 'python', 'scipy', 'sql', 'machine learning', 'database', 'azure', 'matplotlib', 'tableau']",129379.5,1,1,1,1,0,1
data scientist,senior,on-site,"San Francisco, CA ",Technology,Private,155269 - 189976,[],172622.5,1,1,1,1,0,1
data scientist,senior,hybrid,"Mountain View, CA, US ",Technology,Private,226506,[],226506.0,1,1,1,1,0,1
data scientist,senior,hybrid,"Madrid, Community of Madrid, Spain ",Technology,Private,32158,"['pandas', 'numpy', 'aws', 'r', 'python', 'scikit-learn', 'machine learning', 'gcp', 'deep learning', 'azure', 'matplotlib']",32158.0,1,1,1,1,0,1
data scientist,senior,hybrid,"Chicago, Illinois, United States ",Technology,Private,159841 - 205507,[],182674.0,1,1,1,1,0,1
data scientist,lead,on-site,"San Antonio, TX",Finance,Private,150499 - 287662,"['r', 'python', 'sql', 'database', 'machine learning']",219080.5,1,1,1,1,0,1
data scientist,lead,on-site,"San Francisco, CA",Technology,Private,164407 - 191806,"['pytorch', 'aws', 'machine learning', 'azure', 'deep learning', 'tensorflow']",178106.5,1,1,1,1,0,1
data scientist,senior,on-site,"Linthicum Heights, MD ",Technology,Public,158745 - 197653,"['pandas', 'numpy', 'python', 'sql', 'database', 'matplotlib', 'tableau']",178199.0,1,1,1,1,0,1
data scientist,senior,on-site,"Santa Clara, CA ",Technology,Private,146140 - 219206,[],182673.0,1,1,1,1,0,1
data scientist,senior,on-site,"Englewood, CO ",Technology,Public,75957 - 108508,"['amazon', 'r', 'python', 'sql', 'database', 'machine learning', 'tableau']",92232.5,1,1,1,1,0,1
data scientist,midlevel,on-site,"San Francisco, CA ",Technology,Public,99560 - 175732,"['spark', 'python', 'sql', 'hadoop', 'machine learning']",137646.0,1,1,1,1,0,1
data scientist,senior,on-site,United States,Retail,Public,94812 - 142214,"['aws', 'scikit-learn', 'python', 'sql', 'machine learning', 'gcp', 'azure']",118513.0,1,1,1,1,0,1
data scientist,lead,remote,Canada ,Technology,Private,200938 - 246604,"['sql', 'machine learning']",223771.0,1,1,1,1,0,1
data scientist,senior,hybrid,"San Diego, CA ",Technology,Public,149700 - 224593,"['pandas', 'numpy', 'scikit-learn', 'python', 'sql', 'machine learning', 'deep learning']",187146.5,1,1,1,1,0,1
data scientist,midlevel,hybrid,"Manchester, England, United Kingdom ",Technology,Public,36538 - 54805,"['airflow', 'spark', 'machine learning', 'python']",45671.5,1,1,1,1,0,1
data scientist,senior,hybrid,"New York, United States ",Technology,Private,137008 - 150708,"['pandas', 'pytorch', 'aws', 'r', 'python', 'sql', 'machine learning', 'deep learning']",143858.0,1,1,1,1,0,1
data scientist,senior,on-site,"Hillsboro, OR ",Finance,Public,81245 - 150875,"['aws', 'r', 'python', 'sql', 'machine learning', 'azure']",116060.0,1,1,1,1,0,1
data scientist,senior,hybrid,"Bengaluru, Karnataka, India ",Finance,Public,24203,"['pytorch', 'aws', 'python', 'sql', 'gcp', 'azure', 'tensorflow']",24203.0,1,1,1,1,0,1
data scientist,senior,on-site,"Alpharetta, GA",Technology,Public,58368 - 156350,"['aws', 'powerbi', 'r', 'python', 'sql', 'machine learning', 'tableau']",107359.0,1,1,1,1,0,1
data scientist,senior,hybrid,"Toronto, ON ",Finance,Private,179015 - 246144,[],212579.5,1,1,1,1,0,1
data scientist,senior,on-site,"Vancouver, British Columbia, Canada ",Technology,Public,121844 - 176460,"['git', 'python', 'docker', 'sql', 'machine learning', 'kubernetes', 'deep learning']",149152.0,1,1,1,1,0,1
data scientist,lead,hybrid,United States ,Finance,Public,105680 - 176131,"['python', 'neural network', 'sql', 'database', 'machine learning', 'tableau']",140905.5,1,1,1,1,0,1
data scientist,senior,on-site,United States,Finance,Public,157013 - 263790,"['spark', 'aws', 'python', 'sql', 'machine learning', 'gcp', 'azure']",210401.5,1,1,1,1,0,1
data scientist,lead,on-site,"New York, NY",Finance,Private,129722 - 230343,"['spark', 'r', 'python', 'java', 'sql', 'machine learning']",180032.5,1,1,1,1,0,1
data scientist,lead,remote,"Atlanta, GA",Technology,Public,96818,"['pytorch', 'spark', 'aws', 'python', 'machine learning', 'gcp', 'deep learning', 'keras', 'azure', 'tensorflow']",96818.0,1,1,1,1,0,1
data scientist,senior,on-site,On-site,Technology,Private,192721 - 216467,[],204594.0,1,1,1,1,0,1
data scientist,midlevel,on-site,"McLean, VA",Retail,Public,144860 - 165319,"['spark', 'aws', 'r', 'python', 'scala', 'sql', 'machine learning', 'database', 'deep learning']",155089.5,1,1,1,1,0,1
data scientist,midlevel,on-site,Los Angeles Metropolitan Area ,Technology,Public,100470 - 114170,"['machine learning', 'python']",107320.0,1,1,1,1,0,1
data scientist,senior,remote,"Maryland, United States",Technology,Public,85856 - 167004,"['pytorch', 'aws', 'r', 'python', 'machine learning', 'gcp', 'azure', 'tensorflow']",126430.0,1,1,1,1,0,1
data scientist,lead,on-site,United States,Technology,Public,138102 - 172625,"['sql', 'machine learning', 'r', 'python']",155363.5,1,1,1,1,0,1
data scientist,senior,on-site,"Doral, FL",Technology,Public,104676 - 230258,"['r', 'python', 'linux', 'java', 'sql', 'machine learning', 'database', 'deep learning']",167467.0,1,1,1,1,0,1
data scientist,midlevel,hybrid,"Vancouver, British Columbia, Canada ",Finance,Public,109786 - 164585,"['pytorch', 'aws', 'scikit-learn', 'python', 'machine learning']",137185.5,1,1,1,1,0,1
data scientist,senior,remote,United States,Technology,Private,114973 - 141567,"['sql', 'machine learning', 'python']",128270.0,1,1,1,1,0,1
data scientist,senior,hybrid,"Columbus, OH ",Finance,Public,100036 - 150050,['machine learning'],125043.0,1,1,1,1,0,1
data scientist,senior,remote,Washington DC-Baltimore Area ,Technology,Private,164407 - 182673,"['aws', 'python', 'machine learning', 'gcp', 'kubernetes', 'azure']",173540.0,1,1,1,1,0,1
data scientist,senior,on-site,"United States, Denver ",Technology,Private,172624,[],172624.0,1,1,1,1,0,1
data scientist,senior,hybrid,San Francisco Bay Area ,Technology,Private,164401 - 214633,"['pandas', 'spark', 'aws', 'r', 'python', 'scikit-learn', 'opencv', 'sql', 'machine learning', 'gcp', 'deep learning']",189517.0,1,1,1,1,0,1
data scientist,senior,on-site,"San Diego, CA",Healthcare,Private,167749 - 215676,"['pytorch', 'python', 'java', 'sql', 'machine learning', 'deep learning', 'tensorflow']",191712.5,1,1,1,1,0,1
data scientist,senior,on-site,"Palo Alto, CA ",Technology,Public,140657 - 216600,"['sql', 'powerbi', 'machine learning', 'python']",178628.5,1,1,1,1,0,1
data scientist,senior,hybrid,"San Jose, CA ",Technology,Public,139285 - 239614,"['sql', 'machine learning', 'python']",189449.5,1,1,1,1,0,1
data scientist,senior,remote,Fully Remote,Technology,Public,184866 - 207973,[],196419.5,1,1,1,1,0,1
data scientist,senior,remote,"Denver, CO - Remote ",Technology,Public,137006 - 200939,[],168972.5,1,1,1,1,0,1
data scientist,senior,hybrid,"Washington, DC ",Technology,Public,105769,"['r', 'python', 'sql', 'machine learning', 'matplotlib', 'tableau']",105769.0,1,1,1,1,0,1
data scientist,lead,hybrid,"San Francisco, CA ",Technology,Private,258479,[],258479.0,1,1,1,1,0,1
data scientist,lead,hybrid,Hybrid,Technology,Private,109604 - 200937,[],155270.5,1,1,1,1,0,1
data scientist,senior,on-site,"London, England, United Kingdom",Technology,Public,103877 - 144998,"['sql', 'r', 'python']",124437.5,1,1,1,1,0,1
data scientist,senior,remote,United States ,Technology,Private,109601 - 173534,"['sql', 'tableau', 'python']",141567.5,1,1,1,1,0,1
data scientist,lead,remote,"New York, NY",Finance,Private,136032 - 223478,"['pytorch', 'python', 'machine learning', 'deep learning', 'tensorflow']",179755.0,1,1,1,1,0,1
data scientist,senior,hybrid,"New York City, NY ",Finance,Private,175364 - 241124,[],208244.0,1,1,1,1,0,1
data scientist,midlevel,on-site,"Gurgaon, Haryana, India",Technology,Private,24227,"['aws', 'python', 'docker', 'machine learning', 'gcp', 'kubernetes', 'azure']",24227.0,1,1,1,1,0,1
data scientist,senior,hybrid,"Bengaluru, Karnataka, India ",Finance,Public,24205,"['pytorch', 'aws', 'python', 'sql', 'gcp', 'azure', 'tensorflow']",24205.0,1,1,1,1,0,1
data scientist,lead,on-site,"Stamford, CT",Technology,Public,138011 - 166416,['python'],152213.5,1,1,1,1,0,1
data scientist,senior,on-site,"Menlo Park, CA ",Finance,Public,184499 - 217378,[],200938.5,1,1,1,1,0,1
data scientist,senior,remote,"Stockholm, Stockholm County, Sweden",Technology,Public,52510,"['spark', 'scikit-learn', 'python', 'scala', 'java', 'machine learning', 'keras', 'deep learning', 'tensorflow']",52510.0,1,1,1,1,0,1
data scientist,senior,remote,"Herndon, VA",Technology,Public,123307 - 168973,"['pandas', 'numpy', 'aws', 'git', 'python', 'docker', 'linux', 'sklearn', 'machine learning', 'kubernetes', 'deep learning', 'azure', 'matplotlib']",146140.0,1,1,1,1,0,1
data scientist,lead,hybrid,Hybrid,Technology,Private,178100 - 205500,[],191800.0,1,1,1,1,0,1
data scientist,senior,remote,"California, United States, Colorado, United States, Florida, United States, Georgia, United States, Illinois, United States, Massachusetts, United States, Nevada, United States, New Jersey, United States, New York, United States, North Carolina, United States, Oregon, United States, Pennsylvania, United States, South Carolina, United States, Texas, United States, Virginia, United States, Washington, United States ",Finance,Private,173535,[],173535.0,1,1,1,1,0,1
data scientist,senior,hybrid,Greater Bengaluru Area ,Technology,Private,2739979,"['spark', 'aws', 'r', 'python', 'sql', 'machine learning', 'gcp', 'hadoop', 'azure']",2739979.0,1,1,1,1,0,1
data scientist,midlevel,hybrid,"Bengaluru, Karnataka, India ",Technology,Public,34805,"['numpy', 'spark', 'aws', 'python', 'neural network', 'database', 'machine learning', 'tensorflow']",34805.0,1,1,1,1,0,1
data scientist,senior,remote,"San Jose, California, United States ",Healthcare,Public,155272 - 182672,[],168972.0,1,1,1,1,0,1
data scientist,senior,remote,"Reston, VA",Finance,Public,108442 - 184349,"['r', 'python', 'sql', 'machine learning', 'database', 'azure']",146395.5,1,1,1,1,0,1
data scientist,senior,remote,"San Francisco, CA, US ",Technology,Public,306626,[],306626.0,1,1,1,1,0,1
data scientist,senior,remote,"Toronto, Ontario, Canada",Technology,Public,45064 - 105142,"['sql', 'machine learning', 'python']",75103.0,1,1,1,1,0,1
data scientist,senior,hybrid,"San Francisco, California, United States ",Technology,Private,173539 - 210072,[],191805.5,1,1,1,1,0,1
data scientist,senior,on-site,"Bengaluru, Karnataka, India",Technology,Public,23903,"['spark', 'aws', 'r', 'python', 'sql', 'machine learning', 'database', 'hadoop', 'azure']",23903.0,1,1,1,1,0,1
data scientist,senior,hybrid,"Bentonville, AR ",Retail,Public,82200 - 164400,"['spark', 'r', 'python', 'scala', 'machine learning', 'tensorflow']",123300.0,1,1,1,1,0,1
data scientist,midlevel,hybrid,"Annapolis Junction, MD ",Technology,Public,70878 - 160749,"['linux', 'machine learning', 'r', 'python']",115813.5,1,1,1,1,0,1
data scientist,senior,hybrid,"Hyderabad, Telangana, India ",Technology,Public,22839,"['aws', 'r', 'python', 'sql', 'gcp', 'machine learning', 'tableau']",22839.0,1,1,1,1,0,1
data scientist,senior,remote,"India, Hyderabad ",Technology,Private,39023,[],39023.0,1,1,1,1,0,1
data scientist,senior,on-site,"Gurgaon, Haryana, India",Healthcare,Public,29801 - 32905,"['python', 'machine learning', 'gcp', 'azure', 'deep learning', 'tensorflow']",31353.0,1,1,1,1,0,1
data scientist,lead,on-site,"San Diego, CA",Technology,Public,145221,"['r', 'python', 'sql', 'machine learning', 'tableau']",145221.0,1,1,1,1,0,1
data scientist,lead,remote,"Cambridge, MA",Healthcare,Public,149787,"['pytorch', 'r', 'python', 'machine learning', 'tensorflow']",149787.0,1,1,1,1,0,1
data scientist,senior,on-site,"San Francisco, CA",Retail,Public,159293 - 211170,"['spark', 'sql', 'azure', 'python']",185231.5,1,1,1,1,0,1
data scientist,senior,on-site,"New York, New York, United States ",Finance,Private,175364 - 219204,[],197284.0,1,1,1,1,0,1
data scientist,senior,on-site,"Mountain View, CA ",Technology,Public,151616 - 222855,"['sql', 'r', 'python']",187235.5,1,1,1,1,0,1
data scientist,senior,on-site,"Bellevue, WA",Retail,Public,142483 - 284961,"['pytorch', 'spark', 'r', 'python', 'scala', 'machine learning', 'azure', 'tensorflow']",213722.0,1,1,1,1,0,1
data scientist,senior,on-site,"Whitehouse Station, NJ ",Finance,Public,96818 - 165318,"['database', 'sql', 'machine learning', 'python']",131068.0,1,1,1,1,0,1
data scientist,senior,on-site,"Mountain View, CA",Technology,Public,128780 - 184493,"['sql', 'r', 'python']",156636.5,1,1,1,1,0,1
data scientist,lead,hybrid,"Mountain View, CA, US ",Technology,Private,251171,[],251171.0,1,1,1,1,0,1
data scientist,senior,remote,"East Hanover, NJ",Healthcare,Public,104122 - 192715,"['gcp', 'database']",148418.5,1,1,1,1,0,1
data scientist,lead,on-site,"Colorado Springs, CO",Finance,Private,150503 - 287666,"['r', 'python', 'sql', 'database', 'machine learning']",219084.5,1,1,1,1,0,1
data scientist,senior,hybrid,"Bengaluru, Karnataka, India ",Finance,Public,24200,"['pytorch', 'aws', 'python', 'sql', 'gcp', 'azure', 'tensorflow']",24200.0,1,1,1,1,0,1
data scientist,senior,hybrid,"Dublin, County Dublin, Ireland ",Healthcare,Public,67973 - 93598,"['git', 'r', 'python', 'hadoop', 'deep learning', 'keras', 'azure', 'tensorflow']",80785.5,1,1,1,1,0,1
data scientist,senior,on-site,"Mountain View, CA",Technology,Public,207333 - 292272,"['sql', 'r', 'python']",249802.5,1,1,1,1,0,1
data scientist,senior,remote,"Gurugram, Haryana, India ",Technology,Private,24358,"['scikit-learn', 'python', 'airflow', 'sql', 'machine learning']",24358.0,1,1,1,1,0,1
data scientist,senior,hybrid,"Redmond, WA ",Technology,Public,136788,"['sql', 'azure', 'machine learning', 'python']",136788.0,1,1,1,1,0,1
data scientist,senior,hybrid,"Brooklyn Park, MN ",Retail,Public,86770 - 156183,"['spark', 'r', 'python', 'scala', 'java', 'sql', 'hadoop', 'machine learning']",121476.5,1,1,1,1,0,1
data scientist,senior,hybrid,"Alpharetta, GA ",Technology,Public,85855 - 150244,"['pytorch', 'spark', 'aws', 'r', 'python', 'scala', 'java', 'sql', 'machine learning', 'gcp', 'deep learning', 'azure', 'tensorflow', 'tableau']",118049.5,1,1,1,1,0,1
data scientist,senior,on-site,"New York, NY",Retail,Public,158013 - 180298,"['pytorch', 'aws', 'database', 'machine learning', 'tensorflow']",169155.5,1,1,1,1,0,1
data scientist,senior,hybrid,"Mountain View, California, USA ",Technology,Private,236556,[],236556.0,1,1,1,1,0,1
data scientist,senior,on-site,"Washington, DC ",Technology,Public,109604 - 146136,['machine learning'],127870.0,1,1,1,1,0,1
data scientist,senior,hybrid,"Fort Belvoir, VA ",Technology,Public,90421 - 205500,"['spark', 'r', 'python', 'sql', 'hadoop', 'machine learning']",147960.5,1,1,1,1,0,1
data scientist,senior,hybrid,"San Francisco, CA, US ",Technology,Public,306623,[],306623.0,1,1,1,1,0,1
data scientist,lead,on-site,"New York, NY",Retail,Public,262862 - 300034,"['aws', 'r', 'python', 'scala', 'machine learning', 'database', 'deep learning']",281448.0,1,1,1,1,0,1
data scientist,senior,on-site,"San Jose, CA",Retail,Public,132526 - 151250,"['pytorch', 'aws', 'r', 'python', 'scala', 'sql', 'database', 'machine learning']",141888.0,1,1,1,1,0,1
data scientist,senior,hybrid,"Alpharetta, GA ",Technology,Public,85862 - 150251,"['pytorch', 'spark', 'aws', 'r', 'python', 'scala', 'java', 'sql', 'machine learning', 'gcp', 'deep learning', 'azure', 'tensorflow', 'tableau']",118056.5,1,1,1,1,0,1
data scientist,senior,on-site,"Sunnyvale, CA",Retail,Public,106860 - 213719,"['pytorch', 'spark', 'r', 'python', 'scala', 'machine learning', 'tensorflow']",160289.5,1,1,1,1,0,1
data scientist,senior,hybrid,"Hartford, CT ",Finance,Public,100028 - 150042,['machine learning'],125035.0,1,1,1,1,0,1
data scientist,senior,on-site,"Linthicum Heights, MD ",Technology,Public,164039 - 246056,['r'],205047.5,1,1,1,1,0,1
data scientist,lead,on-site,"North Chicago, IL",Healthcare,Public,137007,[],137007.0,1,1,1,1,0,1
data scientist,senior,on-site,"Overland Park, KS ",Technology,Public,116363 - 209887,"['aws', 'r', 'python', 'sql', 'machine learning', 'deep learning', 'azure']",163125.0,1,1,1,1,0,1
data scientist,senior,hybrid,"Tallinn, Harjumaa, Estonia ",Technology,Private,61778,"['pandas', 'numpy', 'pytorch', 'spark', 'aws', 'scikit-learn', 'python', 'docker', 'airflow', 'machine learning', 'deep learning']",61778.0,1,1,1,1,0,1
data scientist,senior,remote,Mumbai Metropolitan Region ,Technology,Private,4055 - 10055,"['pandas', 'numpy', 'pytorch', 'scipy', 'opencv', 'hadoop', 'machine learning', 'keras', 'deep learning', 'tensorflow']",7055.0,1,1,1,1,0,1
data scientist,lead,on-site,"Plano, TX ",Finance,Public,137008,"['amazon', 'spark', 'aws', 'r', 'python', 'scala', 'sql', 'machine learning', 'gcp', 'hadoop', 'azure']",137008.0,1,1,1,1,0,1
data scientist,junior,on-site,"Jersey City, NJ ",Finance,Public,79463 - 135176,"['pandas', 'numpy', 'pytorch', 'spark', 'scikit-learn', 'python', 'linux', 'airflow', 'sql', 'machine learning', 'database', 'azure', 'tensorflow']",107319.5,1,1,1,1,0,1
data scientist,senior,on-site,"Mountain View, CA",Technology,Public,163490 - 170340,"['sql', 'machine learning', 'r', 'python']",166915.0,1,1,1,1,0,1
data scientist,lead,on-site,"San Francisco, CA",Technology,Public,231078 - 286791,['machine learning'],258934.5,1,1,1,1,0,1
data scientist,senior,hybrid,"San Francisco, CA ",Finance,Private,204593 - 281312,[],242952.5,1,1,1,1,0,1
data scientist,lead,on-site,"McLean, VA",Retail,Public,262864 - 300036,"['aws', 'r', 'python', 'scala', 'machine learning', 'database', 'deep learning']",281450.0,1,1,1,1,0,1
data scientist,senior,on-site,"San Jose, CA ",Technology,Public,117457 - 213904,"['sql', 'python']",165680.5,1,1,1,1,0,1
data scientist,senior,hybrid,"San Francisco, CA ",Finance,Private,204590 - 281309,[],242949.5,1,1,1,1,0,1
data scientist,lead,on-site,"McLean, VA",Retail,Public,262861 - 300033,"['aws', 'r', 'python', 'scala', 'machine learning', 'database', 'deep learning']",281447.0,1,1,1,1,0,1
data scientist,senior,hybrid,"San Francisco, CA ",Technology,Public,135174 - 168967,[],152070.5,1,1,1,1,0,1
data scientist,midlevel,remote,"San Francisco, CA ",Technology,Public,118739,['machine learning'],118739.0,1,1,1,1,0,1
data scientist,midlevel,on-site,"San Francisco, CA",Technology,Public,132439 - 186325,"['sql', 'machine learning', 'r', 'python']",159382.0,1,1,1,1,0,1
data scientist,senior,on-site,"Sunnyvale, CA",Retail,Public,118736 - 237469,"['pytorch', 'spark', 'r', 'python', 'scala', 'java', 'sql', 'machine learning', 'deep learning', 'keras', 'azure', 'tensorflow']",178102.5,1,1,1,1,0,1
data scientist,senior,hybrid,"Dublin, County Dublin, Ireland ",Healthcare,Public,52987,"['aws', 'r', 'python', 'airflow', 'sql', 'machine learning', 'azure', 'tableau']",52987.0,1,1,1,1,0,1
data scientist,senior,remote,Fully Remote,Technology,Private,146136 - 159836,[],152986.0,1,1,1,1,0,1
data scientist,senior,on-site,"Bentonville, AR",Retail,Public,100468 - 200934,"['spark', 'r', 'python', 'scala', 'sql', 'machine learning', 'tensorflow']",150701.0,1,1,1,1,0,1
data scientist,midlevel,hybrid,"Arlington, VA ",Technology,Public,70880 - 160751,"['spark', 'r', 'python', 'sql', 'hadoop', 'machine learning']",115815.5,1,1,1,1,0,1
data scientist,senior,hybrid,"New York, NY ",Healthcare,Public,101605 - 203204,"['pytorch', 'aws', 'python', 'sql', 'machine learning', 'gcp', 'deep learning', 'azure']",152404.5,1,1,1,1,0,1
data scientist,midlevel,hybrid,"Washington, DC ",Technology,Public,70883 - 160754,"['machine learning', 'tableau', 'python']",115818.5,1,1,1,1,0,1
data scientist,senior,hybrid,"Sevilla La Nueva, Community of Madrid, Spain ",Technology,Private,32155,"['pytorch', 'aws', 'r', 'python', 'docker', 'opencv', 'machine learning', 'gcp', 'kubernetes', 'deep learning', 'azure', 'tensorflow']",32155.0,1,1,1,1,0,1
data scientist,senior,hybrid,"Chantilly, VA ",Technology,Public,90426 - 205505,"['r', 'python', 'java', 'sql', 'database', 'tableau']",147965.5,1,1,1,1,0,1
data scientist,midlevel,on-site,"Riverside, CA ",Technology,Public,82476,"['pytorch', 'aws', 'scikit-learn', 'python', 'machine learning', 'azure', 'tensorflow']",82476.0,1,1,1,1,0,1
data scientist,lead,on-site,"Colorado Springs, CO",Finance,Private,137005,"['spark', 'r', 'python', 'sql', 'machine learning', 'hadoop', 'deep learning']",137005.0,1,1,1,1,0,1
data scientist,midlevel,on-site,"Los Angeles, CA",Technology,Public,158014 - 221034,"['sql', 'machine learning', 'r', 'python']",189524.0,1,1,1,1,0,1
data scientist,senior,on-site,"Bengaluru, Karnataka, India",Retail,Public,31210 - 58197,"['spark', 'machine learning', 'git', 'python']",44703.5,1,1,1,1,0,1
data scientist,lead,on-site,"Mumbai, Maharashtra, India",Healthcare,Public,29799 - 32903,"['git', 'r', 'python', 'airflow', 'sql', 'machine learning']",31351.0,1,1,1,1,0,1
data scientist,midlevel,on-site,"Sunnyvale, CA",Technology,Public,132433 - 186319,"['sql', 'machine learning', 'r', 'python']",159376.0,1,1,1,1,0,1
data scientist,lead,on-site,"Sunnyvale, CA",Retail,Public,182672,"['spark', 'r', 'python', 'scala', 'machine learning', 'tensorflow']",182672.0,1,1,1,1,0,1
data scientist,senior,on-site,"San Francisco, CA ",Technology,Public,183405 - 252178,"['spark', 'r', 'python', 'airflow', 'hadoop']",217791.5,1,1,1,1,0,1
data scientist,senior,hybrid,"Bengaluru, Karnataka, India ",Technology,Public,32875 - 47285,"['sql', 'machine learning', 'python']",40080.0,1,1,1,1,0,1
data scientist,senior,on-site,"Chantilly, VA ",Technology,Public,114169,"['amazon', 'aws', 'python']",114169.0,1,1,1,1,0,1
data scientist,midlevel,hybrid,"Washington, DC ",Finance,Public,106410 - 164863,"['spark', 'hadoop', 'sql', 'python']",135636.5,1,1,1,1,0,1
data scientist,senior,on-site,"Bellevue, WA",Retail,Public,117828 - 219207,"['amazon', 'r', 'python', 'sql', 'machine learning']",168517.5,1,1,1,1,0,1
data scientist,senior,on-site,"Bengaluru East, Karnataka, India",Technology,Public,9586,"['sql', 'machine learning', 'r', 'python']",9586.0,1,1,1,1,0,1
data scientist,senior,on-site,"Mason, OH",Manufacturing,Public,77642 - 105041,"['aws', 'machine learning', 'r', 'azure']",91341.5,1,1,1,1,0,1
data scientist,senior,on-site,"Overland Park, KS ",Technology,Public,116364 - 209888,"['spark', 'r', 'python', 'sql', 'machine learning', 'database', 'hadoop', 'deep learning']",163126.0,1,1,1,1,0,1
data scientist,senior,on-site,"Homestead, FL",Technology,Public,63118 - 129242,"['sql', 'machine learning', 'r', 'python']",96180.0,1,1,1,1,0,1
data scientist,senior,remote,"Raleigh, NC",Technology,Public,99560,"['pandas', 'numpy', 'pytorch', 'spark', 'scikit-learn', 'python', 'scala', 'java', 'sql', 'machine learning', 'keras', 'deep learning', 'tensorflow']",99560.0,1,1,1,1,0,1
data scientist,senior,remote,"Raleigh, NC ",Technology,Public,99554,"['spark', 'python', 'machine learning', 'hadoop', 'deep learning']",99554.0,1,1,1,1,0,1
data scientist,senior,on-site,"Bethesda, MD ",Technology,Public,77773 - 140587,"['amazon', 'aws', 'git', 'r', 'python', 'docker', 'sql', 'kubernetes', 'hadoop']",109180.0,1,1,1,1,0,1
data scientist,senior,on-site,United States,Technology,Public,115088 - 143858,"['aws', 'git', 'r', 'python', 'sql', 'machine learning']",129473.0,1,1,1,1,0,1
data scientist,senior,on-site,"Cincinnati, OH",Finance,Public,161759 - 271723,"['spark', 'sql', 'machine learning', 'python']",216741.0,1,1,1,1,0,1
data scientist,senior,remote,Fully Remote,Energy,Private,168968 - 210068,[],189518.0,1,1,1,1,0,1
data scientist,senior,on-site,"Augusta, GA",Technology,Public,58366 - 156348,"['aws', 'powerbi', 'r', 'python', 'sql', 'machine learning', 'tableau']",107357.0,1,1,1,1,0,1
data scientist,senior,on-site,"Redmond, WA",Technology,Public,132436 - 186322,"['sql', 'machine learning', 'r', 'python']",159379.0,1,1,1,1,0,1
data scientist,senior,remote,"San Jose, California, United States ",Healthcare,Public,155267 - 182667,[],168967.0,1,1,1,1,0,1
data scientist,senior,on-site,"Sunnyvale, CA",Retail,Public,130608 - 261214,"['spark', 'r', 'python', 'scala', 'sql', 'machine learning', 'tensorflow']",195911.0,1,1,1,1,0,1
data scientist,senior,on-site,"Noida, Uttar Pradesh, India",Healthcare,Public,29800 - 32904,"['pytorch', 'aws', 'git', 'r', 'python', 'docker', 'scikit-learn', 'deep learning', 'machine learning', 'gcp', 'kubernetes', 'keras', 'azure', 'tensorflow']",31352.0,1,1,1,1,0,1
data scientist,senior,on-site,Antwerp Metropolitan Area,Technology,Public,99006,"['machine learning', 'database']",99006.0,1,1,1,1,0,1
data scientist,senior,on-site,"San Francisco, CA",Technology,Public,211535 - 282044,"['tableau', 'sql', 'r', 'python']",246789.5,1,1,1,1,0,1
data scientist,senior,on-site,"Mountain View, California ",Technology,Private,209476,[],209476.0,1,1,1,1,0,1
data scientist,junior,hybrid,"Valladolid, Castilla and Leon, Spain ",Technology,Private,32159,"['pandas', 'numpy', 'aws', 'r', 'python', 'scikit-learn', 'machine learning', 'gcp', 'deep learning', 'azure', 'matplotlib']",32159.0,1,1,1,1,0,1
data scientist,lead,on-site,"Menlo Park, CA",Technology,Public,231077 - 286790,['machine learning'],258933.5,1,1,1,1,0,1
data scientist,senior,hybrid,"Chicago, IL ",Technology,Public,112801 - 194406,"['sql', 'machine learning', 'tableau', 'python']",153603.5,1,1,1,1,0,1
data scientist,senior,hybrid,"Norco, CA ",Technology,Public,90420 - 205499,"['pytorch', 'aws', 'scikit-learn', 'python', 'machine learning', 'azure', 'tensorflow']",147959.5,1,1,1,1,0,1
data scientist,senior,on-site,"North Las Vegas, NV ",Technology,Public,114170,['machine learning'],114170.0,1,1,1,1,0,1
data scientist,senior,on-site,"Denver, CO",Technology,Public,183400 - 252173,"['spark', 'r', 'python', 'airflow', 'hadoop']",217786.5,1,1,1,1,0,1
data scientist,senior,on-site,"Boston, MA",Finance,Public,141567,"['kubernetes', 'machine learning', 'python']",141567.0,1,1,1,1,0,1
data scientist,senior,on-site,"McLean, VA ",Technology,Private,147509 - 199569,"['python', 'database', 'linux', 'sql', 'kubernetes', 'keras', 'machine learning', 'tensorflow']",173539.0,1,1,1,1,0,1
data scientist,senior,on-site,On-site,Technology,Private,28127,[],28127.0,1,1,1,1,0,1
data scientist,senior,on-site,"Dublin, County Dublin, Ireland",Healthcare,Public,67978 - 93603,"['sql', 'azure', 'machine learning', 'python']",80790.5,1,1,1,1,0,1
data scientist,senior,on-site,"Washington, DC",Technology,Public,132441 - 186327,"['sql', 'machine learning', 'r', 'python']",159384.0,1,1,1,1,0,1
data scientist,senior,on-site,"Austin, TX",Technology,Public,132434 - 186320,"['sql', 'machine learning', 'r', 'python']",159377.0,1,1,1,1,0,1
data scientist,senior,on-site,"New York, NY",Retail,Public,146134 - 164401,"['amazon', 'r', 'python', 'neural network', 'sql', 'machine learning', 'deep learning']",155267.5,1,1,1,1,0,1
data scientist,senior,hybrid,"Washington, DC ",Technology,Public,105769,"['r', 'python', 'sql', 'machine learning', 'matplotlib', 'tableau']",105769.0,1,1,1,1,0,1
data scientist,lead,on-site,"Chicago, IL",Retail,Public,262859 - 300031,"['aws', 'r', 'python', 'scala', 'machine learning', 'database', 'deep learning']",281445.0,1,1,1,1,0,1
data scientist,junior,hybrid,"Austin, TX ",Technology,Public,112804 - 194409,"['sql', 'database']",153606.5,1,1,1,1,0,1
data scientist,midlevel,hybrid,"Washington, DC ",Technology,Public,70880 - 160751,"['sql', 'machine learning', 'python']",115815.5,1,1,1,1,0,1
data scientist,senior,on-site,"Toronto, Ontario, Canada",Manufacturing,Public,91610 - 114535,"['spark', 'machine learning', 'r', 'python']",103072.5,1,1,1,1,0,1
data scientist,lead,on-site,"Columbus, OH ",Finance,Public,155271,"['sql', 'machine learning', 'tableau', 'python']",155271.0,1,1,1,1,0,1
data scientist,senior,on-site,On-site,Technology,Public,94259 - 172805,[],133532.0,1,1,1,1,0,1
data scientist,midlevel,on-site,"Noida, Uttar Pradesh, India",Healthcare,Public,18195,"['r', 'python', 'sql', 'hadoop', 'machine learning']",18195.0,1,1,1,1,0,1
data scientist,senior,on-site,"Doral, FL",Technology,Public,63112 - 129236,"['r', 'python', 'sql', 'machine learning', 'tableau']",96174.0,1,1,1,1,0,1
data scientist,junior,hybrid,"Toronto, Ontario, Canada ",Finance,Public,73455,['python'],73455.0,1,1,1,1,0,1
data scientist,senior,on-site,"Mountain View, CA ",Technology,Public,179934 - 265787,"['sql', 'r', 'python']",222860.5,1,1,1,1,0,1
data scientist,lead,on-site,"Richmond, VA",Retail,Public,192716 - 219933,"['spark', 'aws', 'r', 'python', 'scala', 'database', 'sql', 'machine learning', 'kubernetes', 'deep learning']",206324.5,1,1,1,1,0,1
data scientist,senior,hybrid,"Fort Meade, MD ",Technology,Public,90424 - 205503,"['machine learning', 'python']",147963.5,1,1,1,1,0,1
data scientist,senior,on-site,"Sunnyvale, CA",Retail,Public,130611 - 261217,"['pytorch', 'spark', 'r', 'python', 'scala', 'java', 'machine learning', 'deep learning', 'tensorflow']",195914.0,1,1,1,1,0,1
data scientist,senior,hybrid,"Tallinn, Harjumaa, Estonia ",Technology,Private,61775,"['pandas', 'numpy', 'spark', 'aws', 'scikit-learn', 'python', 'docker', 'airflow', 'machine learning', 'deep learning']",61775.0,1,1,1,1,0,1
data scientist,midlevel,hybrid,"Irving, TX ",Technology,Public,115081,[],115081.0,1,1,1,1,0,1
data scientist,senior,on-site,"San Jose, CA",Retail,Public,158011 - 180296,"['pytorch', 'aws', 'database', 'machine learning', 'tensorflow']",169153.5,1,1,1,1,0,1
data scientist,senior,on-site,"Annapolis Junction, MD",Technology,Public,66405 - 136274,"['sql', 'machine learning', 'r', 'python']",101339.5,1,1,1,1,0,1
data scientist,lead,on-site,"South San Francisco, CA",Healthcare,Public,159837,"['pytorch', 'aws', 'machine learning', 'gcp', 'azure', 'tensorflow']",159837.0,1,1,1,1,0,1
data scientist,senior,on-site,"Atlanta, GA",Retail,Public,116908,"['sql', 'tableau', 'python']",116908.0,1,1,1,1,0,1
data scientist,senior,hybrid,"Cambridge, MA ",Healthcare,Public,120837 - 224408,"['r', 'python']",172622.5,1,1,1,1,0,1
data scientist,senior,hybrid,"Brooklyn Park, MN ",Retail,Public,86769 - 156182,"['python', 'scala', 'sql', 'machine learning', 'hadoop', 'deep learning']",121475.5,1,1,1,1,0,1
data scientist,senior,on-site,"Bentonville, AR",Retail,Public,98645 - 197284,"['spark', 'r', 'python', 'scala', 'sql', 'machine learning', 'tensorflow']",147964.5,1,1,1,1,0,1
data scientist,senior,on-site,"MÃ¡laga, Andalusia, Spain",Finance,Private,28046,"['pandas', 'numpy', 'python', 'machine learning', 'azure']",28046.0,1,1,1,1,0,1
data scientist,senior,hybrid,"Malvern, PA ",Finance,Private,115087 - 127874,['machine learning'],121480.5,1,1,1,1,0,1
data scientist,senior,on-site,"Sunnyvale, CA",Technology,Public,207334 - 292273,"['sql', 'r', 'python']",249803.5,1,1,1,1,0,1
data scientist,senior,on-site,"Massachusetts, United States ",Finance,Public,157012 - 263789,"['spark', 'aws', 'python', 'sql', 'machine learning', 'gcp', 'azure']",210400.5,1,1,1,1,0,1
data scientist,senior,hybrid,"Alpharetta, GA ",Finance,Public,94080,['machine learning'],94080.0,1,1,1,1,0,1
data scientist,senior,hybrid,"Hartford, CT ",Finance,Public,101126 - 151688,"['pandas', 'git', 'python', 'sql', 'matplotlib']",126407.0,1,1,1,1,0,1
data scientist,senior,hybrid,"New York, NY ",Technology,Public,135178 - 168971,[],152074.5,1,1,1,1,0,1
data scientist,senior,hybrid,"Alpharetta, GA ",Technology,Public,85860 - 150249,"['pytorch', 'spark', 'aws', 'r', 'python', 'scala', 'java', 'sql', 'machine learning', 'gcp', 'deep learning', 'azure', 'tensorflow', 'tableau']",118054.5,1,1,1,1,0,1
data scientist,senior,on-site,"Seattle, WA ",Retail,Public,149803 - 168061,"['amazon', 'aws', 'r', 'python', 'sql', 'machine learning', 'tableau']",158932.0,1,1,1,1,0,1
data scientist,senior,hybrid,"Irving, TX ",Technology,Public,73984,"['pandas', 'numpy', 'pytorch', 'spark', 'r', 'python', 'java', 'sklearn', 'sql', 'machine learning', 'keras', 'deep learning', 'matplotlib', 'tensorflow', 'tableau']",73984.0,1,1,1,1,0,1
data scientist,senior,remote,Canada ,Technology,Private,137004 - 155270,"['sql', 'machine learning', 'tableau', 'python']",146137.0,1,1,1,1,0,1
data scientist,senior,on-site,"Bethesda, MD ",Technology,Public,95587 - 172786,"['amazon', 'aws', 'git', 'r', 'python', 'docker', 'sql', 'kubernetes', 'hadoop']",134186.5,1,1,1,1,0,1
data scientist,midlevel,on-site,"Noida, Uttar Pradesh, India",Healthcare,Public,18199,"['spark', 'python', 'sql', 'machine learning', 'deep learning']",18199.0,1,1,1,1,0,1
data scientist,senior,hybrid,"Greenwood Village, CO ",Technology,Public,80559,"['pytorch', 'aws', 'python', 'sql', 'machine learning', 'hadoop', 'azure', 'tensorflow']",80559.0,1,1,1,1,0,1
data scientist,senior,on-site,On-site,Technology,Public,189974,[],189974.0,1,1,1,1,0,1
data scientist,senior,on-site,"Chantilly, VA ",Technology,Public,114169,"['aws', 'azure']",114169.0,1,1,1,1,0,1
data scientist,senior,hybrid,"Hickam Village, HI ",Technology,Public,90425 - 205504,"['pandas', 'numpy', 'pytorch', 'spark', 'aws', 'scikit-learn', 'python', 'docker', 'java', 'machine learning', 'gcp', 'kubernetes', 'hadoop', 'azure', 'matplotlib', 'tensorflow']",147964.5,1,1,1,1,0,1
data scientist,senior,on-site,"San Francisco, CA",Technology,Public,184128 - 240389,"['tableau', 'sql', 'r', 'python']",212258.5,1,1,1,1,0,1
data scientist,senior,on-site,"Mountain View, CA",Technology,Public,167139 - 247512,"['sql', 'r', 'python']",207325.5,1,1,1,1,0,1
data scientist,senior,hybrid,"Chennai, Tamil Nadu, India ",Technology,Public,33313 - 42993,"['r', 'python', 'sql', 'gcp', 'machine learning']",38153.0,1,1,1,1,0,1
data scientist,senior,on-site,"Hyderabad, Telangana, India",Technology,Private,19777,"['pandas', 'numpy', 'aws', 'r', 'python', 'machine learning', 'gcp', 'azure']",19777.0,1,1,1,1,0,1
data scientist,senior,on-site,"Reston, VA ",Technology,Public,114169,"['pytorch', 'aws', 'r', 'python', 'scikit-learn', 'sql', 'machine learning', 'tensorflow', 'tableau']",114169.0,1,1,1,1,0,1
data scientist,senior,hybrid,"New York, NY ",Technology,Public,135177 - 168970,[],152073.5,1,1,1,1,0,1
data scientist,midlevel,hybrid,"Tondiarpet, Tamil Nadu, India ",Technology,Public,24064 - 45170,"['pytorch', 'scikit-learn', 'python', 'machine learning', 'tensorflow']",34617.0,1,1,1,1,0,1
data scientist,senior,on-site,"Bengaluru, Karnataka, India",Retail,Public,31213 - 58200,"['spark', 'machine learning', 'python']",44706.5,1,1,1,1,0,1
data scientist,senior,hybrid,"London, England, United Kingdom ",Technology,Private,73983,"['pytorch', 'aws', 'scikit-learn', 'docker', 'deep learning', 'machine learning', 'kubernetes', 'keras', 'azure', 'tensorflow']",73983.0,1,1,1,1,0,1
data scientist,senior,hybrid,"Berlin, Berlin, Germany ",Technology,Private,98643,"['sql', 'r', 'python']",98643.0,1,1,1,1,0,1
data scientist,senior,on-site,"Atlanta, GA",Technology,Public,85861 - 150250,"['pytorch', 'spark', 'aws', 'r', 'python', 'scala', 'java', 'sql', 'machine learning', 'gcp', 'deep learning', 'azure', 'tensorflow', 'tableau']",118055.5,1,1,1,1,0,1
data scientist,senior,on-site,"Mountain View, CA",Technology,Public,144680 - 235647,"['sql', 'python']",190163.5,1,1,1,1,0,1
data scientist,senior,remote,"Stockholm, Stockholm County, Sweden",Technology,Public,52506,"['spark', 'scikit-learn', 'python', 'scala', 'java', 'machine learning', 'keras', 'deep learning', 'tensorflow']",52506.0,1,1,1,1,0,1
data scientist,senior,hybrid,"Bengaluru, Karnataka, India ",Technology,Public,33111 - 47625,[],40368.0,1,1,1,1,0,1
data scientist,midlevel,hybrid,"Herndon, VA ",Technology,Public,71394 - 161915,"['aws', 'machine learning', 'python']",116654.5,1,1,1,1,0,1
data scientist,midlevel,on-site,"McLean, VA ",Retail,Public,159156 - 181602,"['spark', 'aws', 'r', 'python', 'scala', 'sql', 'machine learning', 'database', 'deep learning']",170379.0,1,1,1,1,0,1
data scientist,senior,on-site,"Bentonville, AR ",Retail,Public,82797 - 165590,"['spark', 'r', 'python', 'scala', 'sql', 'machine learning', 'tensorflow']",124193.5,1,1,1,1,0,1
data scientist,senior,hybrid,"Scottsdale, AZ ",Technology,Public,113614 - 195810,"['hadoop', 'sql']",154712.0,1,1,1,1,0,1
data scientist,midlevel,hybrid,"Annapolis Junction, MD ",Technology,Public,71396 - 161917,"['linux', 'machine learning', 'r', 'python']",116656.5,1,1,1,1,0,1
data scientist,senior,on-site,"Sunnyvale, CA",Retail,Public,107637 - 215269,"['numpy', 'pytorch', 'spark', 'r', 'python', 'scikit-learn', 'scala', 'bash', 'java', 'sql', 'machine learning', 'gcp', 'deep learning', 'matplotlib', 'tensorflow']",161453.0,1,1,1,1,0,1
data scientist,senior,on-site,"Sunnyvale, CA",Retail,Public,131555 - 263105,"['numpy', 'pytorch', 'spark', 'r', 'python', 'scikit-learn', 'scala', 'bash', 'java', 'sql', 'machine learning', 'gcp', 'deep learning', 'matplotlib', 'tensorflow']",197330.0,1,1,1,1,0,1
data scientist,midlevel,on-site,"Boulder, CO",Technology,Public,152711 - 224466,"['sql', 'r', 'python']",188588.5,1,1,1,1,0,1
data scientist,senior,on-site,"Santa Barbara, CA ",Retail,Public,160991,"['amazon', 'r', 'python', 'sql', 'tableau']",160991.0,1,1,1,1,0,1
data scientist,senior,on-site,"Bellevue, WA ",Retail,Public,150883 - 178472,"['amazon', 'aws', 'r', 'python', 'sql', 'machine learning', 'tableau']",164677.5,1,1,1,1,0,1
data scientist,senior,on-site,"Sunnyvale, CA",Retail,Public,107641 - 215273,"['pytorch', 'spark', 'r', 'python', 'scala', 'machine learning', 'tensorflow']",161457.0,1,1,1,1,0,1
data scientist,senior,hybrid,"McLean, VA ",Technology,Public,91081 - 206992,"['spark', 'python', 'sql', 'hadoop', 'machine learning']",149036.5,1,1,1,1,0,1
data scientist,midlevel,hybrid,"Richmond, VA ",Retail,Public,145905 - 166511,"['spark', 'aws', 'r', 'python', 'scala', 'sql', 'machine learning', 'database', 'deep learning']",156208.0,1,1,1,1,0,1
data scientist,senior,hybrid,"San Jose, CA ",Technology,Public,140294 - 241349,[],190821.5,1,1,1,1,0,1
data scientist,senior,on-site,"New York, NY ",Technology,Public,208832 - 294386,"['sql', 'r', 'python']",251609.0,1,1,1,1,0,1
data scientist,lead,on-site,"Plano, TX ",Finance,Public,137997,"['spark', 'aws', 'r', 'python', 'scikit-learn', 'sql', 'machine learning']",137997.0,1,1,1,1,0,1
data scientist,midlevel,on-site,"New York, NY ",Retail,Public,159150 - 181596,"['spark', 'aws', 'r', 'python', 'scala', 'sql', 'machine learning', 'database', 'deep learning']",170373.0,1,1,1,1,0,1
data scientist,senior,on-site,"Annapolis Junction, MD",Technology,Public,129163 - 244062,"['machine learning', 'python']",186612.5,1,1,1,1,0,1
data scientist,lead,on-site,"Bellevue, WA",Technology,Public,189513 - 258507,"['sql', 'machine learning', 'r', 'python']",224010.0,1,1,1,1,0,1
data scientist,senior,on-site,"Bentonville, AR",Retail,Public,101194 - 202387,"['pytorch', 'spark', 'r', 'python', 'scala', 'opencv', 'machine learning', 'deep learning', 'tensorflow']",151790.5,1,1,1,1,0,1
data scientist,lead,on-site,United States,Technology,Public,232749 - 288865,['machine learning'],260807.0,1,1,1,1,0,1
data scientist,senior,hybrid,"Bellevue, WA ",Retail,Public,143514 - 287023,"['pytorch', 'aws', 'python', 'docker', 'machine learning', 'gcp', 'kubernetes', 'azure', 'tensorflow']",215268.5,1,1,1,1,0,1
data scientist,senior,on-site,"Arlington, VA ",Retail,Public,160994 - 178472,"['amazon', 'aws', 'r', 'python', 'scala', 'sql', 'machine learning', 'tableau']",169733.0,1,1,1,1,0,1
data scientist,midlevel,on-site,"New York, NY",Retail,Public,159157 - 181603,"['spark', 'aws', 'r', 'python', 'scala', 'sql', 'machine learning', 'database', 'deep learning']",170380.0,1,1,1,1,0,1
data scientist,midlevel,on-site,"Burlingame, CA",Technology,Public,159153 - 222628,"['sql', 'machine learning', 'r', 'python']",190890.5,1,1,1,1,0,1
data scientist,senior,on-site,"Seattle, WA",Retail,Public,119600 - 220792,"['amazon', 'aws', 'r', 'python', 'sql', 'machine learning']",170196.0,1,1,1,1,0,1
data scientist,senior,on-site,"Nashville, TN ",Retail,Public,118676 - 220788,"['amazon', 'spark', 'r', 'python', 'sql', 'hadoop']",169732.0,1,1,1,1,0,1
data scientist,senior,hybrid,"Bengaluru, Karnataka, India ",Technology,Public,33117 - 47631,[],40374.0,1,1,1,1,0,1
data scientist,midlevel,on-site,"Seattle, WA",Retail,Public,110400 - 220791,"['amazon', 'r', 'python', 'sql', 'machine learning']",165595.5,1,1,1,1,0,1
data scientist,senior,hybrid,"Scottsdale, AZ ",Technology,Public,104879 - 211591,"['sql', 'powerbi', 'tableau', 'python']",158235.0,1,1,1,1,0,1
data scientist,senior,on-site,"Mountain View, CA",Technology,Public,129716 - 185832,"['sql', 'r', 'python']",157774.0,1,1,1,1,0,1
data scientist,lead,on-site,"New York, NY ",Finance,Public,165589,"['machine learning', 'r', 'python']",165589.0,1,1,1,1,0,1
data scientist,senior,hybrid,"Sunnyvale, CA ",Retail,Public,183991,"['spark', 'r', 'python', 'scala', 'sql', 'machine learning', 'tensorflow']",183991.0,1,1,1,1,0,1
data scientist,midlevel,on-site,"North Reading, MA ",Retail,Public,122355 - 220787,"['amazon', 'python', 'sql', 'hadoop', 'machine learning']",171571.0,1,1,1,1,0,1
data scientist,senior,on-site,"Dublin, County Dublin, Ireland",Technology,Public,112544,"['sql', 'r', 'python']",112544.0,1,1,1,1,0,1
data scientist,senior,on-site,"Sunnyvale, CA",Retail,Public,131557 - 263107,"['spark', 'r', 'python', 'scala', 'sql', 'machine learning', 'tensorflow']",197332.0,1,1,1,1,0,1
data scientist,midlevel,on-site,"Mountain View, CA",Technology,Public,129712 - 185828,"['sql', 'r', 'python']",157770.0,1,1,1,1,0,1
data scientist,lead,on-site,"Menlo Park, CA",Technology,Public,189510 - 258504,"['sql', 'machine learning', 'r', 'python']",224007.0,1,1,1,1,0,1
data scientist,midlevel,on-site,"McLean, VA",Retail,Public,159154 - 181600,"['spark', 'aws', 'r', 'python', 'scala', 'sql', 'machine learning', 'database', 'deep learning']",170377.0,1,1,1,1,0,1
data scientist,lead,on-site,"New York, NY",Retail,Public,264761 - 302202,"['aws', 'r', 'python', 'scala', 'machine learning', 'database', 'deep learning']",283481.5,1,1,1,1,0,1
data scientist,senior,on-site,"Burlingame, CA",Technology,Public,159157 - 222632,"['sql', 'machine learning', 'r', 'python']",190894.5,1,1,1,1,0,1
data scientist,senior,on-site,"Austin, TX ",Retail,Public,156391,"['amazon', 'r', 'python', 'sql', 'machine learning']",156391.0,1,1,1,1,0,1
data scientist,lead,on-site,"New York, NY",Retail,Public,194110 - 221524,"['spark', 'aws', 'r', 'python', 'scala', 'sql', 'machine learning', 'database', 'deep learning']",207817.0,1,1,1,1,0,1
data scientist,senior,hybrid,"Arlington, VA ",Technology,Public,91075 - 206986,"['spark', 'r', 'python', 'sql', 'hadoop', 'machine learning']",149030.5,1,1,1,1,0,1
data scientist,senior,on-site,"Seattle, WA ",Retail,Public,110396 - 220787,"['amazon', 'aws', 'r', 'python', 'sql', 'machine learning']",165591.5,1,1,1,1,0,1
data scientist,lead,on-site,"Columbus, OH ",Finance,Public,137996,"['pandas', 'numpy', 'pytorch', 'spark', 'aws', 'scikit-learn', 'python', 'sql', 'keras', 'machine learning', 'tensorflow']",137996.0,1,1,1,1,0,1
data scientist,midlevel,on-site,"New York, NY",Technology,Public,133392 - 187668,"['sql', 'machine learning', 'r', 'python']",160530.0,1,1,1,1,0,1
data scientist,senior,on-site,"Seattle, WA ",Retail,Public,110393 - 220784,"['amazon', 'spark', 'r', 'python', 'sql', 'hadoop', 'machine learning']",165588.5,1,1,1,1,0,1
data scientist,senior,on-site,"Mountain View, CA",Technology,Public,208825 - 294379,"['sql', 'r', 'python']",251602.0,1,1,1,1,0,1
data scientist,senior,on-site,"San Jose, CA",Retail,Public,133489 - 152347,"['pytorch', 'aws', 'r', 'python', 'scala', 'sql', 'database', 'machine learning']",142918.0,1,1,1,1,0,1
data scientist,midlevel,hybrid,"Chicago, IL ",Technology,Public,113614 - 195810,"['r', 'python', 'sql', 'machine learning', 'tableau']",154712.0,1,1,1,1,0,1
data scientist,senior,on-site,"Palo Alto, CA ",Retail,Public,118677 - 220789,"['amazon', 'r', 'python', 'scala', 'sql', 'machine learning']",169733.0,1,1,1,1,0,1
data scientist,senior,on-site,"Bellevue, WA",Technology,Public,133394 - 187670,"['spark', 'powerbi', 'r', 'python', 'sql', 'machine learning', 'tableau']",160532.0,1,1,1,1,0,1
data scientist,senior,on-site,"Bentonville, AR",Retail,Public,131559 - 263109,"['pytorch', 'spark', 'r', 'python', 'scala', 'machine learning', 'azure', 'tensorflow']",197334.0,1,1,1,1,0,1
data scientist,senior,on-site,"Sunnyvale, CA",Retail,Public,107640 - 215272,"['numpy', 'pytorch', 'spark', 'r', 'python', 'scikit-learn', 'scala', 'bash', 'java', 'sql', 'machine learning', 'gcp', 'deep learning', 'matplotlib', 'tensorflow']",161456.0,1,1,1,1,0,1
data scientist,junior,on-site,Belarus,Technology,Public,22087,"['spark', 'aws', 'python', 'sql', 'machine learning', 'gcp', 'azure']",22087.0,1,1,1,1,0,1
data scientist,lead,on-site,"San Bruno, CA",Technology,Public,181232 - 267706,"['sql', 'r', 'python']",224469.0,1,1,1,1,0,1
data scientist,senior,on-site,"Bentonville, AR",Retail,Public,101193 - 202386,"['pytorch', 'spark', 'r', 'python', 'scala', 'neural network', 'machine learning', 'deep learning', 'tensorflow']",151789.5,1,1,1,1,0,1
data scientist,lead,on-site,"Bellevue, WA",Technology,Public,232745 - 288861,['machine learning'],260803.0,1,1,1,1,0,1
data scientist,senior,on-site,"Mountain View, CA",Technology,Public,181229 - 267703,"['sql', 'r', 'python']",224466.0,1,1,1,1,0,1
data scientist,midlevel,on-site,"Seattle, WA",Retail,Public,110401 - 220792,"['amazon', 'r', 'python', 'sql', 'machine learning']",165596.5,1,1,1,1,0,1
data scientist,senior,on-site,"Mountain View, CA",Technology,Public,168348 - 249302,"['sql', 'r', 'python']",208825.0,1,1,1,1,0,1
data scientist,senior,remote,"Gothenburg, VÃ¤stra GÃ¶taland County, Sweden ",Technology,Private,60795,"['pandas', 'amazon', 'pytorch', 'aws', 'git', 'python', 'docker', 'sql', 'kubernetes', 'azure']",60795.0,1,1,1,1,0,1
data scientist,senior,on-site,"San Jose, CA",Retail,Public,159156 - 181602,"['pytorch', 'aws', 'r', 'python', 'scala', 'sql', 'database', 'machine learning']",170379.0,1,1,1,1,0,1
data scientist,senior,on-site,"San Bruno, CA",Retail,Public,131556 - 263106,"['spark', 'r', 'python', 'scala', 'sql', 'machine learning', 'tensorflow']",197331.0,1,1,1,1,0,1
data scientist,senior,on-site,"Bellevue, WA ",Retail,Public,156392 - 178470,"['amazon', 'aws', 'r', 'python', 'sql', 'tableau']",167431.0,1,1,1,1,0,1
data scientist,senior,hybrid,"San Jose, CA ",Technology,Public,113612 - 195808,"['tableau', 'sql', 'r', 'python']",154710.0,1,1,1,1,0,1
data scientist,senior,on-site,"Chicago, IL ",Technology,Public,181235 - 267709,"['sql', 'machine learning', 'r', 'python']",224472.0,1,1,1,1,0,1
data scientist,senior,on-site,"New York, United States ",Retail,Public,137999 - 165596,"['amazon', 'r', 'python', 'scala', 'sql', 'machine learning']",151797.5,1,1,1,1,0,1
data scientist,senior,on-site,"San Francisco, CA",Technology,Public,164672 - 171572,"['sql', 'machine learning', 'r', 'python']",168122.0,1,1,1,1,0,1
data scientist,senior,on-site,"New York, NY ",Finance,Public,133114 - 193194,"['pandas', 'numpy', 'python', 'sql', 'machine learning', 'tableau']",163154.0,1,1,1,1,0,1
data scientist,midlevel,on-site,"Plano, TX ",Finance,Public,124196 - 197790,"['pytorch', 'spark', 'python', 'sql', 'keras', 'machine learning', 'tensorflow']",160993.0,1,1,1,1,0,1
data scientist,midlevel,on-site,"Bellevue, WA",Technology,Public,159150 - 222625,"['sql', 'machine learning', 'r', 'python']",190887.5,1,1,1,1,0,1
data scientist,senior,on-site,"Sunnyvale, CA",Retail,Public,131554 - 263104,"['spark', 'r', 'python', 'scala', 'sql', 'machine learning', 'tensorflow']",197329.0,1,1,1,1,0,1
data scientist,senior,hybrid,"Bentonville, AR ",Retail,Public,131552 - 263102,"['pytorch', 'spark', 'r', 'python', 'scala', 'java', 'airflow', 'sql', 'machine learning', 'deep learning', 'keras', 'azure', 'tensorflow']",197327.0,1,1,1,1,0,1
data scientist,senior,on-site,"Los Angeles, CA ",Technology,Public,129711 - 185827,"['spark', 'r', 'python', 'sql', 'hadoop', 'machine learning']",157769.0,1,1,1,1,0,1
data scientist,senior,hybrid,"Bengaluru, Karnataka, India ",Technology,Public,24239 - 47626,"['sql', 'machine learning', 'python']",35932.5,1,1,1,1,0,1
data scientist,midlevel,on-site,"McLean, VA",Retail,Public,145904 - 166510,"['spark', 'aws', 'r', 'python', 'scala', 'sql', 'database', 'machine learning']",156207.0,1,1,1,1,0,1
data scientist,midlevel,on-site,"New York, NY",Retail,Public,159149 - 181595,"['spark', 'aws', 'r', 'python', 'scala', 'sql', 'machine learning', 'database', 'deep learning']",170372.0,1,1,1,1,0,1
data scientist,senior,on-site,"San Diego, CA",Technology,Public,195486 - 201926,"['r', 'python', 'scala', 'sql', 'machine learning', 'deep learning']",198706.0,1,1,1,1,0,1
